name,osm_id,mid_lat,mid_lng,node_count,data_source,highway_type,surface,lanes,maxspeed,oneway,bridge,tunnel,lit,sidewalk,cycleway,width,access,ref
Ali Baba Restaurant,,40.4450801,-79.9488817,0.0,places_api,,,,,,,,,,,,,
Amberson Avenue,11690551,40.44934318571429,-79.93978845000001,14.0,osm,residential,asphalt,2.0,25 mph,,,,,,,,,
Amberson Place,11753371,40.450101100000005,-79.94085003333333,3.0,osm,residential,,,,,,,,,,,,
Baker Hall,,40.4414779,-79.9449887,0.0,places_api,,,,,,,,,,,,,
Beeler St + Forbes FS,,40.44401870000001,-79.9383902,0.0,places_api,,,,,,,,,,,,,
Beeler St + Unger,,40.444986,-79.936548,0.0,places_api,,,,,,,,,,,,,
Beeler St / Forbes Ave,,40.444045,-79.938608,0.0,places_api,,,,,,,,,,,,,
Beeler St at Forbes Ave,,40.44394450000001,-79.9385465,0.0,places_api,,,,,,,,,,,,,
Beeler Street,11690395,40.44433777727273,-79.93764642151515,20.0,osm,tertiary,asphalt,2.0,,,,,,,,,,
Beelermont Place,11812897,40.445131700000005,-79.93375198,5.0,osm,residential,,,,,,,,,,,,
Boundary Street,25655759,40.44036766982143,-79.94936925196428,20.0,osm,residential,,,25 mph,,,,,both,,,,
Canterbury Lane,11739047,40.447876433333334,-79.9409473,3.0,osm,residential,,,,,,,,,,,,
Carnegie Mellon Art Store,,40.4433542,-79.94192740000001,0.0,places_api,,,,,,,,,,,,,
Carnegie Mellon School of Computer Science,,40.44416469999999,-79.9433725,0.0,places_api,,,,,,,,,,,,,
Carnegie Mellon University,,40.4476053,-79.9462719,0.0,places_api,,,,,,,,,,,,,
Carnegie Mellon University Health Services (CMU UHS),,40.4410851,-79.94128049999999,0.0,places_api,,,,,,,,,,,,,
Carnegie Mellon: Forbes/ Craig Building,,40.444764,-79.9485498,0.0,places_api,,,,,,,,,,,,,
Carriage Road,11680951,40.446580955,-79.937689645,15.0,osm,residential,asphalt,,,,,,,,,,permissive,
Castleman Street,11949370,40.4491302,-79.94104964,5.0,osm,residential,,,,yes,,,,separate,,,,
Cathedral of Learning,,40.4443625,-79.95315509999999,0.0,places_api,,,,,,,,,,,,,
Clyde Street,11956950,40.448205692307695,-79.94584908461539,13.0,osm,residential,,,,yes,,,,,,,,
Coulter Welcome Center,,40.444748,-79.9456814,0.0,places_api,,,,,,,,,,,,,
Cyert Hall,,40.4443376,-79.9437876,0.0,places_api,,,,,,,,,,,,,
Devon Road,11944354,40.44551097023809,-79.94055434047618,13.0,osm,residential,cobblestone,,,,,,,both,,,yes,
Devonshire Road,11729757,40.4469354,-79.9438193,3.0,osm,residential,asphalt,,,,,,no,left,,,,
Devonshire Street,11853299,40.44927251428572,-79.9446184,14.0,osm,residential,asphalt,,,,,,yes,,,,,
Diulius Way,11960639,40.439230037499996,-79.95094740833333,7.0,osm,steps,,,,,,,,,,,,
Dorset Street,1463031884,40.44515473333333,-79.937835,3.0,osm,residential,asphalt,,,,,,,,,,permissive,
East Campus Garage,,40.4439576,-79.94106599999999,0.0,places_api,,,,,,,,,,,,,
East Circuit Road,11803878,40.4360348875,-79.9381449875,24.0,osm,unclassified,,,25 mph,,,,no,,,,,
Ellsworth Avenue,1022429029,40.4492844,-79.94629995833334,12.0,osm,tertiary,asphalt,2.0,25 mph,,,,yes,separate,,,,
Ellsworth Terrace,11853257,40.449476866666664,-79.9465656,6.0,osm,residential,sett,,,,,,,both,,,,
Fair Oaks Street,11699690,40.44511126,-79.93037848,25.0,osm,residential,asphalt,2.0,,,,,,,,,,
Fifth Ave + Clyde St,,40.447201,-79.944955,0.0,places_api,,,,,,,,,,,,,
Fifth Ave + Moorewood Ave,,40.44736499999999,-79.942604,0.0,places_api,,,,,,,,,,,,,
Fifth Ave + Neville St,,40.447121,-79.947174,0.0,places_api,,,,,,,,,,,,,
Fifth Ave at Morewood Ave,,40.4473755,-79.94251249999999,0.0,places_api,,,,,,,,,,,,,
Fifth Ave at Neville St,,40.44710099999999,-79.94735,0.0,places_api,,,,,,,,,,,,,
Fifth Avenue,28727096,40.446896457825304,-79.94676476631103,89.0,osm,trunk,asphalt,4.0,35 mph,yes,,,yes,separate,,,,
Filmore Street,11840126,40.44526957916667,-79.94889224666666,23.0,osm,residential,asphalt,2.0,,yes,,,yes,both,,"23'0""",,
Flossie Way,313330277,40.44494936666666,-79.94771833333333,3.0,osm,service,,,,,,,,,,,,
Forbes + Margaret Morrison NS,,40.442789,-79.93777999999999,0.0,places_api,,,,,,,,,,,,,
Forbes Ave + Beeler,,40.4438473,-79.93859049999999,0.0,places_api,,,,,,,,,,,,,
Forbes Ave + Margaret Morrison,,40.442606,-79.937477,0.0,places_api,,,,,,,,,,,,,
Forbes Ave + Morewood (Carnegie Mellon),,40.4444225,-79.94249280000001,0.0,places_api,,,,,,,,,,,,,
Forbes Ave + Morewood Ave FS (Carnegie Mellon),,40.4446976,-79.94378739999999,0.0,places_api,,,,,,,,,,,,,
Forbes Ave at Craig St,,40.4442972,-79.94880739999999,0.0,places_api,,,,,,,,,,,,,
Forbes Ave Opp Beeler St,,40.4439661,-79.9394406,0.0,places_api,,,,,,,,,,,,,
Forbes Ave Opposite Craig St,,40.4442901,-79.9488355,0.0,places_api,,,,,,,,,,,,,
Forbes Avenue,11729090,40.44374284007653,-79.94289058617836,123.0,osm,primary,asphalt,4.0,35 mph,no,yes,,yes,separate,lane,,,
Frank Curto Dr,,,,0.0,directions_api,,,,,,,,,,,,,
Frew St,,,,0.0,directions_api,,,,,,,,,,,,,
Frew Street,11838419,40.44083408263946,-79.94409919187898,27.0,"osm,roads_api",residential,asphalt,,,yes,,,,both,,,,
Frew Street Extension,11653556,40.43914621282107,-79.94857924562771,45.0,osm,service,,,20 mph,yes,,,,both,,,designated,
Gatewood Drive,245035998,40.445523,-79.93561816666666,3.0,osm,residential,,,,,,,,,,,private,
Gesling Stadium,,40.4431398,-79.9402817,0.0,places_api,,,,,,,,,,,,,
Gladstone Road,11818044,40.4410671625,-79.93702942499999,6.0,osm,residential,,,,,,,,,,,,
Gladstone Street,366700511,40.44092655833334,-79.93766460833334,12.0,osm,residential,asphalt,2.0,,,,,,,,,private,
Hamburg Hall,,40.44432159999999,-79.94564059999999,0.0,places_api,,,,,,,,,,,,,
Hamerschlag Drive,27550366,40.44298866737935,-79.946587794519,40.0,"osm,roads_api",service,concrete,,,,,building_passage,,,,4.5,destination,
hamerschlag_outside,1353029030,40.44199475,-79.94713645,2.0,osm,footway,concrete,,,,,,,,,,,
Henry Street,11720583,40.446337287,-79.94928056866667,23.0,osm,residential,asphalt,,,,,building_passage,yes,both,,,,
Hollow Run Trail,333009371,40.43650835875,-79.94655653333334,54.0,osm,track,gravel,,,,,,,,,,,
Holyrood Road,11685963,40.44560241428571,-79.93837537142858,7.0,osm,residential,asphalt,2.0,,,,,,,,,permissive,
Hunt Library,,40.44111710000001,-79.9437361,0.0,places_api,,,,,,,,,,,,,
Isis Way,11695992,40.4402167,-79.95120743333332,3.0,osm,service,,,,,,,,,,,,
Jared L. Cohon University Center,,40.4440968,-79.94208929999999,0.0,places_api,,,,,,,,,,,,,
Joncaire Street,11711373,40.44044445,-79.95190569,10.0,osm,residential,unhewn_cobblestone,,25 mph,,,,,separate,,,,
Joncaire Street steps,36171420,40.440802233333336,-79.95064053333333,3.0,osm,steps,concrete,,,,,,yes,,,,,
Lower Panther Hollow Trail,36171885,40.437545906994046,-79.94603393258929,45.0,osm,cycleway,unpaved,,,,yes,,,,,,,
Machine Learning Department at Carnegie Mellon University,,40.4435743,-79.94461369999999,0.0,places_api,,,,,,,,,,,,,
Malvern Avenue,11742522,40.44189654,-79.93496328,5.0,osm,residential,asphalt,2.0,,,,,,,,,,
Margaret Morrison Carnegie Hall,,40.44185299999999,-79.94153179999999,0.0,places_api,,,,,,,,,,,,,
Margaret Morrison Street,11851716,40.44188295138539,-79.94099651639664,22.0,"osm,roads_api",residential,asphalt,,,,,,,separate,,,,
Morewood Ave at Forbes Ave FS,,40.44511299999999,-79.9427,0.0,places_api,,,,,,,,,,,,,
Morewood Avenue,11837579,40.447454267335566,-79.9425842757711,39.0,osm,secondary,concrete,2.0,,,,,yes,separate,shared_lane,,,
Morewood Gardens,,40.4450621,-79.9432088,0.0,places_api,,,,,,,,,,,,,
Morewood Place,11672244,40.44530175,-79.94169784285714,14.0,osm,residential,asphalt,,,yes,,,,no,,,,
Normlee Place,11810524,40.442021833333335,-79.93658403333335,3.0,osm,residential,,,,,,,,both,,,,
North Bellefield Avenue,11820239,40.44745068,-79.95232395000001,10.0,osm,tertiary,asphalt,2.0,,,,,yes,separate,,,,
North Craig Street,11960711,40.44829920858586,-79.94981271666666,20.0,osm,secondary,asphalt,2.0,,,,,,separate,,,,
North Dithridge Street,11697077,40.448060276470585,-79.9512973,17.0,osm,residential,asphalt,1.0,,yes,,,yes,separate,,,,
North Neville Street,11955884,40.44849718638889,-79.94790426055556,29.0,osm,tertiary,asphalt,2.0,,,,,yes,both,,,,
Northumberland Street,313329257,40.439988231674114,-79.9383860370297,11.0,"osm,roads_api",residential,,,,,,,,left,,,,
Olympia Place,11740320,40.445668883333326,-79.93489718333333,6.0,osm,residential,asphalt,,,,,,,,,,yes,
Omicron Delta Kappa Walk,30678691,40.44516826666666,-79.95257993333333,3.0,osm,footway,concrete,,,,,,yes,,,,,
Panther Hollow Road,24931882,40.43832874444445,-79.94679395555555,9.0,osm,secondary,asphalt,,,,,,,separate,,,,
Parish Lane,11691398,40.44605532,-79.93910306000001,5.0,osm,residential,asphalt,2.0,,,,,,,,,permissive,
Pembroke Place,11731298,40.45014146666667,-79.93841181666666,6.0,osm,residential,,,,,,,,,,,,
Penton Road,11740080,40.44488224166666,-79.93797423541668,14.0,osm,residential,asphalt,,,,,,,,,,yes,
"Pittsburgh, PA (Carnegie Mellon area- Bus stop at the intersection of Forbes Ave and Morewood, opposite to Carnegie Mellon University Alumni House)",,40.4444414,-79.9424962,0.0,places_api,,,,,,,,,,,,,
Plainfield Street,11823485,40.44134900555556,-79.93312735555556,18.0,osm,residential,,,,,,,,,,,,
PNC Bank Drive-Through Window,272888430,40.4467743,-79.94850826666666,3.0,osm,service,,,,yes,,,,,,,,
Porter Hall,,40.4415995,-79.9462885,0.0,places_api,,,,,,,,,,,,,
Randy Pausch Memorial Bridge,158105937,40.443221300000005,-79.9441764,2.0,osm,footway,concrete,,,,yes,,,,,,,
Roberto & Vera Clemente Drive,11713940,40.44124605333333,-79.95345963999999,15.0,osm,tertiary,asphalt,2.0,,no,,,yes,separate,,,,
Robin Road,11951808,40.443730833333326,-79.93540976666667,3.0,osm,residential,,,,,,,,,,,,
Robin Way,11685539,40.4440189,-79.93562899999999,3.0,osm,residential,asphalt,,,,,,,,,,private,
Roselawn Terrace,11961801,40.442152075,-79.93829035,4.0,osm,residential,asphalt,,,,,,,,,,,
Scaife Hall,,40.441718,-79.94727689999999,0.0,places_api,,,,,,,,,,,,,
Schenley Dr,,,,0.0,directions_api,,,,,,,,,,,,,
Schenley Drive,11734052,40.44015968701519,-79.9472116336113,146.0,"osm,roads_api",secondary,asphalt,2.0,25 mph,yes,yes,,yes,separate,lane,,,
Schenley Drive Extension,11683958,40.443086208333334,-79.95195604999999,10.0,osm,tertiary,asphalt,2.0,,,,,yes,separate,,,,
Schenley Road,11672170,40.44000528534188,-79.93670697538461,33.0,osm,service,,,,yes,,,,,,,private,
Skibo Drive,313329256,40.44137458888888,-79.93968922222223,9.0,osm,residential,,,,,,,,,,,,
South Bellefield Avenue,11834237,40.445236528571435,-79.95133985714286,7.0,osm,trunk,asphalt,3.0,,yes,,,,separate,,,,
South Craig Street,11826990,40.44504240055556,-79.94873551777778,20.0,osm,primary,asphalt,2.0,,,,,,right,,,,
South Dithridge Street,11750475,40.44563305925926,-79.95043108148148,17.0,osm,residential,asphalt,3.0,,,,,yes,,,,,
South Neville Street,11755338,40.4441207408254,-79.9476232388492,31.0,osm,residential,asphalt,,25 mph,,,,,right,,,,
Spring Way,265898480,40.445638975,-79.9476925,4.0,osm,service,,,,,,,,,,,,
Squirrel Hill Avenue,11722673,40.44119437142857,-79.93318952857143,14.0,osm,residential,asphalt,2.0,,,,,,,,,,
Staley Family Plaza,1010489498,40.44634914117647,-79.94649267647058,17.0,osm,pedestrian,,,,,,,,,,,,
Steve Faloon Lower Loop,772264491,40.43594271,-79.94172874,10.0,osm,path,,,,,,,,,,,,
Steve Faloon Switchback,772264490,40.43732796875,-79.94527075625,16.0,osm,path,,,,,,,,,,,,
Steve Faloon Trail,27592688,40.43619010078125,-79.94091884296876,128.0,osm,track,gravel,,,,,,,,,,,
Tech Street,11698857,40.44063259,-79.94205682666666,8.0,osm,residential,asphalt,,,,,,,separate,,,,
Techview Terrace,11736605,40.44327451111111,-79.9376034888889,9.0,osm,residential,asphalt,2.0,,,,,,no,,,,
Unger Lane,11685703,40.4453447,-79.93667781250001,8.0,osm,residential,,,,,,,,,,,,
Upper Panther Hollow Trail,27592410,40.43489467101449,-79.94161243333333,69.0,osm,track,gravel,,,,,,,,,,,
Utica Way,265898482,40.445948433333335,-79.9498435,3.0,osm,service,,,,,,,,,,,,
Varsity Walk,30678689,40.44473146666667,-79.9520423,3.0,osm,footway,concrete,,,,,,yes,,,,,
Wally Way,11804569,40.45060418888889,-79.94569878888889,9.0,osm,service,,,,,,,,,,,private,
Warwick Terrace,11669596,40.44694020833333,-79.93903389166667,17.0,osm,residential,asphalt,,,,,,,left,,,permissive,
West Circuit Road,11834303,40.43861984315476,-79.94336650997025,44.0,osm,unclassified,,,,,,,no,right,,,,
Westinghouse Trail,27610964,40.43893027423077,-79.94237421942309,31.0,osm,footway,,,,,,,,,,,,
Westminster Place,11822295,40.44911405714286,-79.93772317142857,7.0,osm,residential,,,,,,,,,,,,
Wilkins Avenue,11687001,40.446866754545454,-79.93440146363636,11.0,osm,secondary,asphalt,,25 mph,,,,,,,,,
Wilkins Heights Road,1462978998,40.446959769230766,-79.93586532307692,13.0,osm,residential,asphalt,1.0,,,,,,,,,yes,
Winthrop Street,121054524,40.445834813194445,-79.94878788680555,17.0,osm,residential,asphalt,,,yes,,,,separate,,,,
Yarrow Way,54500061,40.4398919725,-79.9515057025,14.0,osm,service,,,,,,,,,,,,
Zebina Way,39453465,40.445488268571424,-79.94815825714286,12.0,osm,service,asphalt,,,,,,,,,,,
,11841038,40.446501999999995,-79.9358177,2,osm,service,,,,,,,,,,,,
,27551717,40.440501037837834,-79.94554692162161,37,osm,footway,asphalt,,,,,,no,,,,,
,27551718,40.439120428,-79.94598462,25,osm,footway,paved,,,,,,,,,,,
,27551744,40.44030714666667,-79.94329574,15,osm,footway,asphalt,,,,,,,,,,,
,27551751,40.4395786,-79.9432125,2,osm,footway,concrete,,,,,,,,,,,
,27551752,40.44034546666666,-79.9424184,3,osm,footway,concrete,,,,,,,,,,,
,27551838,40.44057798461539,-79.94656126153846,13,osm,footway,grass,,,,,,,,,,,
,27574158,40.4413254,-79.94665016666666,3,osm,footway,concrete,,,,,,,,,,,
,27574211,40.442345257142854,-79.94373153571428,14,osm,footway,concrete,,,,,,yes,,,,,
,27574212,40.44430405,-79.9430368,2,osm,steps,concrete,,,,,,yes,,,,,
,27574214,40.444331250000005,-79.94302735,2,osm,footway,concrete,,,,,,yes,,,,,
,27574216,40.444456,-79.94298415,2,osm,steps,concrete,,,,,,yes,,,,,
,27574224,40.44429076,-79.94279486,5,osm,footway,concrete,,,,,,yes,,,,,
,27574241,40.4439317,-79.94255679999999,3,osm,footway,concrete,,,,,,no,,,,,
,27574253,40.44271898,-79.93934850000001,15,osm,footway,paved,,,,,,,,,,,
,27574256,40.44257012857143,-79.9433205,7,osm,footway,concrete,,,,,,no,,,,,
,27574258,40.44221478,-79.94350996,5,osm,footway,concrete,,,,,,yes,,,,,
,27574262,40.44398786666667,-79.9435914,3,osm,footway,concrete,,,,,,yes,,,,,
,27574300,40.44209804,-79.94472594,5,osm,footway,concrete,,,,,,,,,,,
,27574304,40.44206903333333,-79.94429633333333,6,osm,footway,concrete,,,,,,,,,,,
,27574307,40.441924766666666,-79.9450316,3,osm,footway,concrete,,,,,,,,,,,
,27574313,40.44221765,-79.94503655,2,osm,footway,concrete,,,,,,,,,,,
,27574314,40.44191455,-79.94455985,4,osm,footway,concrete,,,,,,no,,,,,
,27574320,40.44190639999999,-79.9455103,2,osm,footway,concrete,,,,,,,,,,,
,27574321,40.441316400000005,-79.94414815,2,osm,footway,paving_stones,,,,,,yes,,,,,
,27574324,40.44123308333334,-79.94341106666667,6,osm,footway,concrete:plates,,,,,,,,,,,
,27574326,40.441573033333334,-79.94318416666667,3,osm,footway,paving_stones,,,,,,,,,,,
,27574345,40.441565992307694,-79.94246808461538,13,osm,footway,concrete,,,,,,,,,,,
,27574346,40.44179684,-79.94239877999999,5,osm,footway,concrete,,,,,,,,,,,
,27574348,40.4419154875,-79.942295375,8,osm,footway,concrete,,,,,,,,,,,
,27574365,40.442936149999994,-79.9451792,2,osm,service,,,,,,,,,,,destination,
,27574372,40.442120375,-79.939309475,4,osm,footway,concrete,,,,,,,,,,,
,27574373,40.44202575,-79.9396279,4,osm,footway,concrete,,,,,,,,,,,
,27574410,40.4443515,-79.94294746666667,3,osm,footway,concrete,,,,,,yes,,,,,
,27574412,40.4442583,-79.94286185,2,osm,footway,concrete,,,,,,yes,,,,,
,27574540,40.440910300000006,-79.94289193333333,3,osm,footway,concrete,,,,,,,,,,,
,27574543,40.44113973333334,-79.9443068,3,osm,footway,concrete,,,,,,yes,,,,,
,27574567,40.4426068,-79.943246,3,osm,footway,concrete,,,,,,no,,,,,
,27590842,40.4420514,-79.94705845,2,osm,steps,paving_stones,,,,,,,,,,,
,27590955,40.4436456,-79.9461834,2,osm,steps,concrete,,,,yes,,,,,,,
,27590956,40.443451499999995,-79.9462532,2,osm,steps,concrete,,,,,,,,,,,
,27590957,40.44369625,-79.94616515,2,osm,footway,concrete,,,,yes,,,,,,,
,27590958,40.4435523,-79.94621695000001,2,osm,footway,concrete,,,,yes,,,,,,,
,27591115,40.44398650909091,-79.9461179,11,osm,service,,,,,,,,,,,destination,
,27591116,40.44448842857143,-79.94556321428571,7,osm,service,,,,,,,,,,,destination,
,27591133,40.44430192222222,-79.94435442222222,9,osm,service,asphalt,,,,,,,,,,destination,
,27591170,40.44429093333333,-79.94337703333333,3,osm,footway,paving_stones,,,,,,yes,,,,,
,27591222,40.4419143,-79.94306035,2,osm,steps,concrete,,,,,,,,,,,
,27591320,40.44238645,-79.940576,2,osm,steps,concrete,,,,,,,,,,,
,27591322,40.44213666666666,-79.94066996666668,3,osm,footway,concrete,,,,,,,,,,,
,27591324,40.441890825,-79.94067927500001,4,osm,service,asphalt,,,,,,,,,,destination,
,27591332,40.442026025,-79.940845,4,osm,service,,,,,,,,,,,private,
,27591355,40.4433641,-79.94115705454546,22,osm,footway,concrete,,,,,,,,,,,
,27591356,40.44285775,-79.940812,4,osm,footway,concrete,,,,,,,,,,,
,27591361,40.44260333333333,-79.94049066666666,3,osm,footway,concrete,,,,,,,,,,,
,27591364,40.44291704,-79.9414039,5,osm,footway,concrete,,,,,,,,,,,
,27591370,40.4427409,-79.9413527,2,osm,footway,concrete,,,,,,,,,,,
,27591374,40.44312505,-79.9414135,2,osm,footway,concrete,,,,,,,,,,,
,27591389,40.4422364,-79.94611355,2,osm,footway,concrete,,,,,,,,,,,
,27591397,40.4422739,-79.94628455,2,osm,footway,concrete,,,,,,,,,,,
,27592085,40.446410071428566,-79.94077754285715,7,osm,service,,,,,,,,,,,private,
,27592147,40.44718772,-79.93614334,5,osm,service,,,,,,,,,,,,
,27592717,40.43636489166666,-79.94070914166666,12,osm,track,gravel,,,,,,,,,,,
,27610918,40.44087591666667,-79.94782903333333,6,osm,footway,paving_stones,,,,,,,,,,,
,27611003,40.437630725,-79.94611245833333,12,osm,footway,gravel,,,,,,,,,,,
,27611150,40.438089775,-79.9460488,8,osm,steps,,,,,,,,,,,,
,27611152,40.438261775,-79.946010425,8,osm,footway,,,,,,,,,,,,
,27611153,40.43833823333333,-79.94611828333333,6,osm,steps,,,,,,,,,,,,
,27622803,40.43995734,-79.94403852,5,osm,footway,asphalt,,,,,,,,,,,
,27622818,40.437042250000005,-79.9467968,2,osm,footway,,,,,,,,,,,,
,27623211,40.442267,-79.9452427,2,osm,footway,concrete,,,,,,no,,,,,
,27623219,40.441913757142856,-79.94528545714286,7,osm,footway,concrete,,,,,,,,,,,
,27623224,40.442364049999995,-79.9452148,2,osm,steps,concrete,,,,,,yes,,,,,
,27623231,40.44220343333333,-79.9444567,3,osm,steps,concrete,,,,,,,,,,,
,27629886,40.44247367142857,-79.94553841428572,7,osm,footway,concrete,,,,,,,,,,,
,27629887,40.44231994,-79.94599611999999,5,osm,footway,concrete,,,,,,,,,4.5,,
,27630061,40.445312075,-79.94196265,4,osm,footway,,,,,,,,,,,,
,27630070,40.44558085,-79.9420316,2,osm,footway,,,,,,,,,,,,
,27630072,40.4455331,-79.94165173333333,3,osm,footway,,,,,,,,,,,,
,27630282,40.4449897625,-79.9436095625,8,osm,footway,concrete,,,,,,,,,,,
,27630289,40.44480646666667,-79.94339133333334,3,osm,footway,concrete,,,,,,yes,,,,,
,27630294,40.444857866666666,-79.94363436666667,3,osm,footway,concrete,,,,,,yes,,,,,
,27630297,40.44496385,-79.94309725,4,osm,footway,concrete,,,,,,,,,,,
,27630307,40.44514933333333,-79.94328612222222,9,osm,footway,concrete,,,,,,,,,,,
,27630315,40.44522896666667,-79.94327563333333,3,osm,footway,concrete,,,,,,,,,,,
,27630320,40.44522138333333,-79.9429767,6,osm,footway,concrete,,,,,,yes,,,,,
,27630322,40.445589025,-79.942821175,4,osm,footway,,,,,,,,,,,,
,27630335,40.4463717,-79.942680495,20,osm,footway,,,,,,,,,,,,
,27630428,40.44606173333333,-79.94359483333334,3,osm,footway,concrete,,,,,,yes,,,,,
,27630542,40.439288399999995,-79.94550687777777,9,osm,footway,,,,,,,,,,,,
,27630550,40.43968616666667,-79.94655666666667,3,osm,steps,,,,,,,,,,,,
,30678685,40.4450912,-79.95189446666667,9,osm,footway,concrete,,,,,,yes,,,,,
,30678686,40.4449253,-79.9519946,2,osm,footway,concrete,,,,,,yes,,,,,
,30678688,40.44532413333334,-79.95214073333334,3,osm,footway,concrete,,,,,,yes,,,,,
,30678693,40.44550208571429,-79.9518322,7,osm,footway,concrete,,,,,,yes,,,,,
,39455987,40.4408977,-79.94079853,20,osm,service,,,,,,,,,,,private,
,118674552,40.4493938,-79.93930991111111,9,osm,service,,,,,,,,,,,,
,118674556,40.44919738,-79.93922125,10,osm,service,,,,,,,,,,,,
,121051124,40.447259977777776,-79.95012321111112,9,osm,service,,,,,,,,,,,,
,121051189,40.44751544,-79.95057996,5,osm,service,asphalt,,,yes,,,,,,,,
,121051190,40.4475892,-79.95052646666666,3,osm,service,asphalt,,,yes,,,,,,,,
,121051191,40.44745093333333,-79.9508445,3,osm,service,,,,,,,,,,,,
,121051281,40.44722561764706,-79.94957361764706,17,osm,footway,concrete,,,,,,,,,,,
,121051283,40.44702696666666,-79.94976319999999,3,osm,steps,concrete,,,,,,,,,,,
,121051284,40.44750535,-79.94946505,2,osm,steps,concrete,,,,,,,,,,,
,121051554,40.445109900000006,-79.9520664,2,osm,steps,concrete,,,,,,yes,,,,,
,121051555,40.4454276,-79.95194685,2,osm,footway,concrete,,,,,,yes,,,,,
,121054679,40.4450393,-79.9493399,3,osm,service,,,,,,,,,,,,
,121056724,40.44457168,-79.95284211999999,5,osm,footway,concrete,,,,,,yes,,,,,
,121056726,40.4445484,-79.95284565,2,osm,footway,concrete,,,,,,yes,,,,,
,121059641,40.44397477142858,-79.9529944,7,osm,footway,concrete,,,,,,yes,,,,,
,132216462,40.4438755,-79.9485847,2,osm,service,asphalt,,,,,,,,,,,
,132216463,40.443591971428575,-79.94807087142858,7,osm,service,asphalt,,,,,,,,,,,
,132216464,40.443145466666664,-79.94917714444445,9,osm,service,asphalt,,,,,,,,,,,
,132216465,40.44366905,-79.9476878,2,osm,service,,,,,,,,,,,,
,154256411,40.44408645,-79.95263560000001,2,osm,footway,concrete,,,,,,yes,,,,,
,154258953,40.44578865,-79.9519789,2,osm,footway,concrete,,,,,,yes,,,,,
,154369017,40.4450582,-79.95138285,2,osm,footway,dirt,,,,,,yes,,,,,
,154401161,40.443630925,-79.9521998,4,osm,footway,concrete,,,,,,yes,,,,,
,154410179,40.443751866666666,-79.95244323333334,3,osm,service,paving_stones,,,,,,,,,,,
,158134965,40.44551608333333,-79.94256626666667,6,osm,service,bricks,,,yes,,,,,,,,
,158243368,40.44392502857143,-79.94521615714287,14,osm,footway,paved,,,,,,,,,,,
,158243370,40.4438649,-79.94517115,2,osm,footway,paved,,,,,,,,,,,
,158244749,40.44366148,-79.94516058,5,osm,footway,paved,,,,,,,,,,,
,158244750,40.44365025,-79.9455333,2,osm,footway,paved,,,,,,,,,,,
,158244752,40.4438027,-79.94595533333334,3,osm,footway,paved,,,,,,,,,,,
,158244756,40.443820566666666,-79.94565463333333,3,osm,footway,paved,,,,,,,,,,,
,158263386,40.4447543,-79.94312815,2,osm,footway,concrete,,,,,,,,,,,
,158266461,40.44396635,-79.94137385,2,osm,service,asphalt,,,,,,,,,,destination,
,158266464,40.44399535,-79.9412228,4,osm,service,asphalt,,,,,,,,,,destination,
,158266680,40.4438504,-79.93901053333333,3,osm,service,,,,,,,,,,,,
,158373380,40.44301622,-79.944254104,25,osm,footway,paved,,,,,,,,,,,
,158373381,40.44293024285714,-79.94402628571427,7,osm,footway,paved,,,,,,,,,,,
,158376389,40.44273872,-79.94388753999999,5,osm,steps,wood,,,,,,,,,,,
,158376391,40.44269315,-79.94358919999999,2,osm,footway,concrete,,,,,,yes,,,,,
,158376393,40.442587399999994,-79.94363165,2,osm,footway,concrete:plates,,,,,,yes,,,,,
,158383664,40.44304932,-79.9447756,5,osm,service,,,,,,,,,,,destination,
,158385157,40.44307335,-79.94499095,2,osm,service,,,,,,,,,,,private,
,158385158,40.4430351,-79.9449056,2,osm,service,,,,,,,,,,,destination,
,158389583,40.4431491,-79.94525713333333,3,osm,service,,,,,,,,,,,private,
,158396604,40.443755466666666,-79.94397228333334,6,osm,service,asphalt,,,,,,,,,,private,
,158610234,40.44429045,-79.9428836,2,osm,steps,concrete,,,,,,yes,,,,,
,159242085,40.442685,-79.94166815,2,osm,footway,concrete,,,,,,,,,,destination,
,159242086,40.4419836,-79.94193285,2,osm,footway,concrete,,,,,,,,,,destination,
,159242087,40.44203805,-79.94191245,2,osm,steps,concrete,,,,,,,,,,destination,
,159242088,40.44261775,-79.9416932,2,osm,steps,concrete,,,,,,,,,,destination,
,159242089,40.44233115,-79.94180185,2,osm,footway,concrete,,,,,,,,,,destination,
,159454804,40.443749275,-79.9448281,4,osm,steps,concrete,,,,,,,,,,,
,159454805,40.44380375,-79.94477325,2,osm,footway,asphalt,,,,,,yes,,,,,
,159454806,40.44383282941176,-79.94461645882353,17,osm,footway,asphalt,,,,,,yes,,,,,
,159454807,40.4436756,-79.94486745,2,osm,footway,asphalt,,,,,,yes,,,,,
,159454808,40.44382555,-79.94471375,2,osm,steps,concrete,,,,,,,,,,,
,159454809,40.44372925294118,-79.9450149,17,osm,footway,paved,,,,,,,,,,,
,160636651,40.44407065,-79.94448185,2,osm,steps,concrete,,,,,,yes,,,,,
,160636652,40.44406119999999,-79.9445041,2,osm,footway,asphalt,,,,,,yes,,,,,
,160636653,40.444088699999995,-79.944432,2,osm,steps,concrete,,,,,,yes,,,,,
,160636655,40.4440798,-79.94445685,2,osm,footway,asphalt,,,,,,yes,,,,,
,160636657,40.444115399999994,-79.94435979999999,3,osm,footway,asphalt,,,,,,yes,,,,,
,160636658,40.4440511,-79.94452534999999,2,osm,steps,concrete,,,,,,yes,,,,,
,160690307,40.4435206,-79.945136875,4,osm,steps,paved,,,,,,,,,,,
,160692884,40.44693544444445,-79.94247038888889,9,osm,service,,,,,,,,,,,permissive,
,166433393,40.4444628,-79.94359125,2,osm,steps,concrete,,,,,,,,,,,
,166433394,40.44449465,-79.94358045,2,osm,steps,concrete,,,,,,,,,,,
,166433395,40.4444789,-79.9435858,2,osm,footway,concrete,,,,,,,,,,,
,166433396,40.44414999999999,-79.94416235,2,osm,footway,concrete,,,,,,,,,3.5,,
,166433397,40.44443613333333,-79.94360026666668,3,osm,footway,concrete,,,,,,,,,,,
,166433398,40.4445112,-79.94357485,2,osm,footway,concrete,,,,,,,,,,,
,166433399,40.444499533333335,-79.9436278,3,osm,footway,concrete,,,,,,,,,,,
,166433400,40.4444658,-79.94368875,4,osm,footway,concrete,,,,,,,,,,,
,166667463,40.442280411764706,-79.93962027058824,17,osm,footway,unhewn_cobblestone,,,,,,,,,,,
,166667464,40.442825926666664,-79.942167,15,osm,footway,concrete,,,,,,yes,,,,,
,166668311,40.44170815,-79.94063765,2,osm,footway,paved,,,,,,,,,,,
,166668312,40.4416674,-79.9404452,2,osm,footway,paved,,,,,,,,,,,
,166668313,40.4417248,-79.9401961,3,osm,footway,paved,,,,,,,,,,,
,166668314,40.4420122,-79.93942283333332,3,osm,footway,paved,,,,,,,,,,,
,166668315,40.4419773,-79.93966896666667,3,osm,footway,paved,,,,,,,,,,,
,166668316,40.44172565,-79.940194075,4,osm,footway,paved,,,,,,,,,,,
,166668317,40.44174498333333,-79.94041126666667,6,osm,footway,paved,,,,,,,,,,,
,166670050,40.44336195,-79.945199,2,osm,footway,paved,,,,,,,,,,,
,166974330,40.44191845,-79.93962675,2,osm,steps,paved,,,,,,,,,,,
,168519837,40.447835733333335,-79.94942641666667,6,osm,service,,,,,,,,,,,private,
,171452421,40.447498,-79.94954445,2,osm,footway,concrete,,,,,,,,,,,
,171452423,40.4469315,-79.94975323333334,3,osm,footway,concrete,,,,,,,,,,,
,171967702,40.44985416666666,-79.9427396,3,osm,service,,,,,,,,,,,private,
,171967703,40.450054533333336,-79.94277743333333,3,osm,service,,,,,,,,,,,private,
,172308325,40.44758918,-79.93882764,10,osm,service,,,,,,,,,,,private,
,172350346,40.4503521,-79.94262255000001,4,osm,service,,,,,,,,,,,private,
,172350888,40.44821005,-79.94170055000001,2,osm,service,,,,,,,,,,,private,
,172350890,40.44830368,-79.94214236,5,osm,service,,,,,,,,,,,destination,
,172351213,40.448322866666665,-79.94268923333334,3,osm,service,concrete:plates,,,yes,,,,,,,destination,
,172351214,40.448376833333334,-79.94412833333332,3,osm,service,concrete,,,yes,,,,,,,destination,
,172351216,40.44833855,-79.94358790000001,2,osm,service,asphalt,,,,,,,,,,destination,
,172351218,40.44836175,-79.94323754999999,2,osm,service,asphalt,,,,,,,,,,destination,
,172351220,40.448516266666665,-79.94272683333332,3,osm,service,concrete:plates,,,yes,,,,,,,destination,
,172351221,40.44844408,-79.94340308,5,osm,service,asphalt,,,,,,,,,,destination,
,172351223,40.4483004,-79.94302905,2,osm,service,asphalt,,,,,,,,,,destination,
,172356992,40.44289233333333,-79.9446894,3,osm,service,,,,,,,,,,,private,
,172357455,40.4439379,-79.94371833333334,3,osm,service,asphalt,,,,,,,,,,private,
,172358029,40.445813275,-79.94448725,8,osm,service,asphalt,,,,,,,,,,private,
,172714316,40.44923426666667,-79.94284363333333,3,osm,service,,,,,,,,,,,private,
,172714317,40.449152875,-79.94302125,4,osm,service,,,,,,,,,,,private,
,172951885,40.449050699999994,-79.94925396666667,3,osm,service,,,,,,,,,,,private,
,172951886,40.4487804,-79.94923651666666,6,osm,service,,,,yes,,,,,,,private,
,172951887,40.4481268,-79.9496696,2,osm,service,,,,yes,,,,,,,private,
,173093412,40.44990968,-79.94318706,5,osm,service,,,,,,,,,,,private,
,173094510,40.4495686,-79.94289033333332,3,osm,service,,,,,,,,,,,private,
,173094511,40.4497984,-79.94292899999999,3,osm,service,,,,,,,,,,,private,
,173094512,40.44965436666667,-79.9429131,3,osm,service,,,,,,,,,,,private,
,173094513,40.449444766666666,-79.9428823,3,osm,service,,,,,,,,,,,private,
,173100745,40.4486849,-79.94273166666666,3,osm,service,,,,,,,,,,,private,
,175084001,40.44778616666667,-79.9365679,3,osm,service,,,,,,,,,,,private,
,175084002,40.4477996,-79.936382,3,osm,service,,,,,,,,,,,private,
,175084004,40.44781583333333,-79.93616816666668,3,osm,service,,,,,,,,,,,private,
,178810326,40.4502221,-79.94298863333334,3,osm,service,,,,,,,,,,,private,
,207205048,40.4389038,-79.9469363125,8,osm,footway,paved,,,,,,,,,,,
,207205049,40.43922265714286,-79.94721978571428,7,osm,steps,,,,,,,,,,,,
,207205059,40.439196054545455,-79.94737191818182,11,osm,footway,paved,,,,,,,,,,,
,207205060,40.43937785,-79.947121975,4,osm,footway,paved,,,,,,,,,,,
,207205061,40.43979229166667,-79.947878675,12,osm,footway,paving_stones,,,,,,yes,,,,,
,207205065,40.44008178,-79.94755868,5,osm,footway,concrete,,,,,,no,,,,,
,207205066,40.4392888,-79.94725076666667,3,osm,footway,,,,,,,,,,,,
,207205067,40.43931488333333,-79.9473332,6,osm,steps,,,,,,,,,,,,
,207207949,40.43987679166667,-79.9483867625,24,osm,footway,concrete,,,,,,no,,,,private,
,207207950,40.43979754166667,-79.94835200833334,12,osm,footway,concrete,,,,,,no,,,,customers,
,207207953,40.43987502,-79.94824448,5,osm,footway,concrete,,,,,,no,,,,private,
,207207954,40.43957605,-79.9485626,2,osm,footway,concrete,,,,,,no,,,,customers,
,207207956,40.4396055625,-79.9482151875,8,osm,footway,concrete,,,,,,no,,,,customers,
,207207958,40.4397688,-79.94825573333334,3,osm,footway,concrete,,,,,,yes,,,,customers,
,207207960,40.43958753333333,-79.94837105,6,osm,footway,concrete,,,,,,yes,,,,customers,
,207213398,40.4418369,-79.95186534999999,2,osm,footway,,,,,,,,,,,,
,207213399,40.44252428,-79.9519796,5,osm,footway,concrete,,,,,,yes,,,,,
,207213400,40.4424482,-79.9528614,4,osm,footway,concrete,,,,,,,,,,,
,207213401,40.441894075,-79.95259092500001,4,osm,footway,asphalt,,,,,,yes,,,,,
,207213402,40.442132775000005,-79.95266802500001,4,osm,footway,concrete,,,,,,yes,,,,,
,207213403,40.442294700000005,-79.95272645,2,osm,footway,concrete,,,,,,,,,,,
,207213405,40.44211885,-79.951524225,4,osm,footway,fine_gravel,,,,,,,,,,,
,207213406,40.4423786,-79.95236145,2,osm,footway,concrete,,,,,,,,,,,
,207213408,40.443080900000005,-79.95270593333333,3,osm,footway,concrete,,,,,,yes,,,,,
,207213409,40.44248918076923,-79.95249305769231,26,osm,footway,concrete,,,,,,no,,,,,
,207213410,40.442843333333336,-79.95286903333333,3,osm,footway,concrete,,,,,,,,,,,
,234198003,40.44203775,-79.951695,2,osm,footway,fine_gravel,,,,,,,,,,,
,245036660,40.446088257142854,-79.9387930857143,7,osm,service,,,,,,,,,,,private,
,265732982,40.4473069,-79.94026263333333,3,osm,steps,,,,,,,,,,,,
,265898481,40.445505125,-79.949495325,4,osm,service,asphalt,,,yes,,,,,,,private,
,265898483,40.4459753,-79.9494401,3,osm,service,,,,,,,,,,,,
,266076700,40.4403925,-79.939214475,4,osm,service,,,,,,,,,,,private,
,267171462,40.44018826666667,-79.94264226666667,3,osm,footway,concrete,,,,,,,,,,,
,267171463,40.43986035,-79.94290555,2,osm,footway,concrete,,,,,,,,,,,
,272882162,40.44764333333333,-79.95008493333334,3,osm,footway,,,,,,,,,,,,
,272882165,40.4478011,-79.94971063333332,3,osm,service,,,,,,,,,,,,
,272882167,40.44710155,-79.9500171,2,osm,footway,concrete,,,,,,,,,,,
,272882169,40.447320733333335,-79.95004156666666,3,osm,steps,,,,,,,,,,,,
,272882171,40.4473211,-79.95009265,2,osm,footway,,,,,,,,,,,,
,272882174,40.44745613333333,-79.9500939,3,osm,footway,,,,,,,,,,,,
,272882175,40.447481999999994,-79.9501047,2,osm,steps,,,,,,,,,,,,
,272882178,40.44749595,-79.95013575,2,osm,footway,,,,,,,,,,,,
,272882180,40.447428650000006,-79.95012045,2,osm,footway,,,,,,,,,,,,
,288354408,40.44310613333334,-79.9429293,3,osm,footway,concrete:plates,,,,,,no,,,,,
,313329258,40.440528925,-79.950202125,4,osm,service,,,,,,,,,,,,
,313329261,40.441633025,-79.949113375,4,osm,service,,,,,,,,,,,,
,313329262,40.4429559,-79.94769169,10,osm,service,,,,,,,,,,,,
,316330725,40.44593561428571,-79.94271122857143,7,osm,service,asphalt,,,,,,,,,,destination,
,320582061,40.443275400000005,-79.94634199999999,2,osm,footway,paved,,,,,,,,,,,
,320582063,40.4431674,-79.9464102,2,osm,footway,paved,,,,,,,,,,,
,320582066,40.443348,-79.94629044999999,2,osm,footway,concrete,,,,,,,,,,,
,324526869,40.44405155,-79.9451704,2,osm,footway,,,,,,,,,,,,
,324526870,40.443421275,-79.9449820875,8,osm,footway,,,,,,,,,,,,
,324870337,40.44486139999999,-79.9480707,2,osm,steps,,,,,,,,,,,,
,331173860,40.4439459,-79.94850120000001,2,osm,service,asphalt,,,,,,,left,,,,
,331173861,40.44313345,-79.94892732000001,10,osm,footway,,,,,,,,,,,,
,331173862,40.4420447,-79.94990419999999,8,osm,footway,,,,,,,,,,,,
,331173864,40.44255113333333,-79.9483516,3,osm,service,,,,,,,,,,,private,
,331173866,40.4424952,-79.95095436,5,osm,footway,concrete,,,,,,,,,,,
,331173867,40.442975,-79.95136128571428,14,osm,footway,concrete,,,,,,yes,,,,,
,331173868,40.44266288888889,-79.95108176666666,9,osm,pedestrian,concrete,,,,,,yes,,,,,
,331173869,40.4418062,-79.95200923333333,3,osm,footway,,,,,,,,,,,,
,333009367,40.436878199999995,-79.9468088,3,osm,footway,,,,,,,,,,,,
,333009368,40.43695515,-79.94680245,2,osm,footway,,,,,yes,,,,,,,
,333009372,40.4371531,-79.94697041666666,6,osm,footway,gravel,,,,,,,,,,,
,333009373,40.437174414285714,-79.94756052857143,7,osm,footway,,,,,,,yes,,,,,
,333009374,40.438056175,-79.947215925,4,osm,service,,,,,,,,,,,,
,346053020,40.43807236,-79.94659568666665,15,osm,cycleway,cobblestone,,,,,,,,,,,
,346053021,40.4375628,-79.94756316666667,3,osm,service,,,,,,,,,,,,
,346090830,40.438179,-79.94516520833334,12,osm,path,dirt,,,,,,,,,,,
,346090832,40.43911394285714,-79.94373077142858,7,osm,footway,dirt,,,,,,,,,,,
,346090833,40.43900445,-79.94368175,2,osm,steps,,,,,,,,,,,,
,346090835,40.43905088,-79.94217504000001,5,osm,footway,,,,,,,,,,,,
,346090837,40.438432250000005,-79.9463791,2,osm,steps,,,,,,,,,,,,
,346090838,40.43852355,-79.94646605,2,osm,footway,,,,,,,,,,,,
,346092820,40.439423015,-79.945855295,20,osm,footway,paved,,,,,,,,,,,
,354111245,40.44138321,-79.95056499,10,osm,service,,,,,,,,,,,,
,358962505,40.439672125,-79.95168294999999,4,osm,steps,,,,,,,,,,,,
,358962724,40.44171822,-79.93726388,5,osm,steps,,,,,,,,,,,,
,359652180,40.44131346153846,-79.95221599999999,13,osm,path,,,,,,,,,,,,
,364230454,40.437849433333334,-79.9476284888889,9,osm,service,,,,,,,,,,,,
,366514681,40.43697064210526,-79.94886360526316,19,osm,footway,gravel,,,,,,yes,,,,,
,392332364,40.44371305,-79.9471444,6,osm,cycleway,asphalt,,,,,,,,,,,
,392332367,40.44228918461538,-79.94986006538463,26,osm,footway,concrete,,,,,,,,,,,
,392332368,40.44251916666666,-79.94937866666668,3,osm,footway,,,,,,,,,,,no,
,392332369,40.44247605,-79.94921975,2,osm,footway,,,,,yes,,,,,,no,
,392332370,40.44266245,-79.9491506,2,osm,footway,,,,,yes,,,,,,,
,392332371,40.44328335,-79.94843715,2,osm,service,asphalt,,,,,,,,,,,
,392332372,40.443632433333335,-79.94835177777777,9,osm,service,asphalt,,,,,,,left,,,,
,392332374,40.4446117,-79.94805396666668,3,osm,footway,,,,,,,,,,,,
,392332376,40.44308726666666,-79.9481553,3,osm,service,,,,,,,,,,,,
,392332378,40.44461973333333,-79.94657456666665,3,osm,steps,,,,,,,,,,,,
,392332382,40.44251836666667,-79.94868503333333,3,osm,service,,,,,,,,,,,private,
,392332383,40.437941550000005,-79.94729219999999,2,osm,footway,unpaved,,,,,,,,,,,
,392332385,40.43959006,-79.94716248666667,15,osm,footway,concrete,,,,,,yes,,,,,
,392332387,40.4384613,-79.9471046,2,osm,footway,,,,,,,,,,,,
,392332388,40.439368425,-79.94679607500001,4,osm,footway,,,,,,,,,,,,
,392332389,40.43963151818182,-79.94856623636363,11,osm,footway,concrete,,,,,,no,,,,customers,
,392332390,40.43990948,-79.948363425,20,osm,footway,,,,,,,,,,,private,
,392332391,40.439980649999995,-79.9482707875,8,osm,footway,concrete,,,,,,,,,,private,
,392332392,40.4401030625,-79.9485410875,8,osm,footway,,,,,,,,,,,customers,
,392332394,40.440042630769234,-79.94854996923075,13,osm,footway,,,,,,,,,,,customers,
,392332398,40.44011426363637,-79.94842201818182,22,osm,footway,,,,,,,,,,,customers,
,392332399,40.44014936,-79.94833666,5,osm,footway,,,,,,,,,,,,
,392332401,40.440107139999995,-79.94839288,10,osm,footway,,,,,,,,,,,private,
,392332405,40.44011448333333,-79.94828176666667,6,osm,footway,,,,,,,,,,,customers,
,405380578,40.4444728,-79.94556915,2,osm,steps,paved,,,,,,yes,,,,,
,405418073,40.44442503333333,-79.94556566666667,3,osm,footway,,,,,,,,,,,,
,441046655,40.43949590714286,-79.9440280857143,14,osm,footway,,,,,,,,,,,,
,441046657,40.439112173333335,-79.94631605333333,15,osm,footway,,,,,,,,,,,,
,441046659,40.44050023333333,-79.94231163333333,3,osm,footway,concrete,,,,,,,,,,,
,469613662,40.4470386,-79.9444137,3,osm,service,asphalt,,,,,,,,,,,
,492696946,40.43741509473684,-79.94264441578947,19,osm,footway,,,,,,,,,,,,
,492696947,40.43944393181818,-79.94294275909091,22,osm,footway,,,,,,,,,,,,
,492696951,40.440429140000006,-79.94257578,5,osm,path,dirt,,,,,,,,,,,
,492696953,40.4398681,-79.9487644,5,osm,service,,,,,,,,,,,,
,502157772,40.4429601,-79.94600491666667,6,osm,footway,paved,,,,,,,,,,,
,506453528,40.443786233333334,-79.9426635,3,osm,footway,concrete,,,,,,no,,,,,
,506453529,40.44390896666667,-79.94321686666667,3,osm,footway,concrete:plates,,,,,,yes,,,,,
,506453530,40.444153075,-79.943090275,4,osm,footway,concrete,,,,,,yes,,,,,
,506453531,40.44359218,-79.94328424,5,osm,footway,concrete:plates,,,,,,yes,,,,,
,506453532,40.443662974999995,-79.942425125,4,osm,footway,concrete,,,,,,,,,,,
,506453535,40.44412825,-79.9422812,2,osm,footway,concrete:plates,,,,,,,,,,,
,506453537,40.4434577,-79.93928495,2,osm,footway,concrete,,,,,,,,,,,
,506453538,40.44363605,-79.9400985,2,osm,footway,paved,,,,,building_passage,,,,,,
,506453539,40.444196616666666,-79.94129496666666,6,osm,service,asphalt,,,,,,,,,,destination,
,575424693,40.4428851625,-79.9486741,8,osm,service,,,,,,,,,,,,
,612697572,40.44051673333333,-79.95203608333334,6,osm,footway,concrete,,,,,,,,,,,
,619370079,40.448350166666664,-79.94829086666667,3,osm,service,asphalt,,,yes,,,no,,,,,
,619370080,40.44817195,-79.94918064999999,4,osm,service,,,,yes,,,,,,,private,
,619370081,40.4481554,-79.94958116666668,3,osm,service,,,,yes,,,,,,,private,
,619370083,40.448590471428574,-79.94894677142858,7,osm,service,,,,yes,,,,,,,private,
,619370084,40.447510175000005,-79.94889785,4,osm,service,,,,,,,,,,,,
,619370085,40.44796186666667,-79.9477615,3,osm,service,concrete,,,,,,,,,,,
,619370086,40.447820975,-79.94807002499999,4,osm,service,,,,,,,,,,,private,
,620231507,40.44169418,-79.93618355999999,5,osm,service,,,,,,,,,,,,
,664396443,40.44245150909091,-79.94287476363637,11,osm,footway,concrete,,,,,,yes,,,,,
,671916656,40.44568644,-79.95072984,5,osm,service,,,,,,,,,,,,
,695591816,40.44790533333333,-79.95093033333332,3,osm,service,,,,,,,,,,,,
,695592003,40.44760483333334,-79.95108866666666,3,osm,service,,,,,,,,,,,,
,695599840,40.4451371,-79.9497843,2,osm,service,,,,,,,,,,,,
,695599841,40.44488226,-79.95011408,5,osm,service,asphalt,,,,,,,,,,,
,695599842,40.444986175,-79.949592875,4,osm,service,,,,,,,,,,,,
,695599843,40.4447839,-79.9496298,2,osm,service,,,,,,,,,,,,
,695605253,40.44840034444445,-79.95027048888889,9,osm,service,,,,yes,,,,,,,,
,695607705,40.447831475,-79.94854434999999,4,osm,service,asphalt,,,yes,,,,,,,,
,695607861,40.446725019999995,-79.94749476,5,osm,service,,,,,,,,,,,,
,695609101,40.4464182,-79.94862635,2,osm,service,,,,,,,,,,,,
,695610155,40.44589323333333,-79.9504068,3,osm,service,concrete,,,yes,,,,,,,,
,695610156,40.445955766666664,-79.95041483333334,3,osm,service,,,,yes,,,,,,,,
,695610157,40.44601166666667,-79.95042096666667,3,osm,service,,,,yes,,,,,,,,
,695618983,40.44809706666667,-79.94995416666667,3,osm,service,,,,,,,,,,,,
,695624588,40.44766583333333,-79.95086753333334,3,osm,service,asphalt,,,,,,,,,,,
,695721851,40.44908395,-79.94851015,6,osm,service,,,,yes,,,yes,,,,,
,695721852,40.44916583333333,-79.9482928,3,osm,service,,,,,,,no,,,,,
,695721979,40.44442633333333,-79.94935133333333,3,osm,service,,,,,,,,,,,,
,695722847,40.44631056666666,-79.9470836,3,osm,service,,,,,,,,,,,,
,695725786,40.44778286666667,-79.94767096666666,3,osm,service,,,,,,,yes,,,,,
,695728200,40.44806996666667,-79.94940996666666,3,osm,service,,,,,,,,,,,,
,696033476,40.4437900875,-79.9506848,8,osm,service,,,,,,,,,,,,
,696034099,40.4443528,-79.949620575,4,osm,service,,,,,,,,,,,,
,696035006,40.44850625,-79.94805955,4,osm,service,asphalt,,,,,,,,,,,
,696035007,40.4485277,-79.94816325,2,osm,service,asphalt,,,,,,,,,,,
,696035140,40.446620800000005,-79.94780175,2,osm,service,,,,,,,,,,,,
,696035177,40.447523966666665,-79.94756416666667,3,osm,service,,,,,,,yes,,,,,
,696035858,40.44427135,-79.94788855,4,osm,service,,,,,,,,,,,,
,696036008,40.44384516,-79.95223498,5,osm,service,asphalt,,,,,,,,,,,
,700935335,40.4378968,-79.947193875,4,osm,footway,,,,,,,,,,,,
,700935336,40.437042033333334,-79.94683856666667,6,osm,footway,,,,,yes,,,,,,,
,700935337,40.438042545,-79.94742254,20,osm,footway,unpaved,,,,,,,,,,,
,700935338,40.4380852,-79.9474739,2,osm,footway,unpaved,,,,,,,,,,,
,700935340,40.43863986666667,-79.94664986666666,3,osm,footway,,,,,,,,,,,,
,700935341,40.438649633333334,-79.94646316666667,3,osm,footway,asphalt,,,,,,,,,,,
,700935342,40.43839677142857,-79.94689228571428,7,osm,footway,,,,,,,,,,,,
,700935343,40.438051300000005,-79.9471912,3,osm,footway,asphalt,,,,,,,,,,,
,700935344,40.43860206,-79.94614504,5,osm,footway,concrete,,,,,,,,,,,
,700935345,40.43828604545455,-79.94672508181817,11,osm,footway,,,,,,,,,,,,
,700935346,40.4370865,-79.94666996666666,9,osm,footway,,,,,yes,,,,,,,
,700949830,40.44070846666667,-79.948336,3,osm,footway,concrete,,,,,,yes,,,,,
,700949831,40.442046005882354,-79.95149077647059,17,osm,footway,concrete,,,,,,,,,,,
,700949832,40.44115424,-79.94909996,5,osm,footway,,,,,yes,,,,,,,
,700949834,40.4423356,-79.951577525,4,osm,footway,asphalt,,,,,,yes,,,,,
,700949835,40.442137233333334,-79.95056884444445,9,osm,footway,concrete,,,,,,,,,,,
,700949836,40.44125284285714,-79.94885148571429,7,osm,footway,,,,,yes,,,,,,,
,701590231,40.44550936666667,-79.95033933333333,3,osm,service,paving_stones,,,,,,,,,,,
,704768264,40.4453639,-79.95032139999999,3,osm,service,paving_stones,,,,,,,,,,,
,714438322,40.44350613333334,-79.95282830000001,3,osm,footway,concrete,,,,,,yes,,,,,
,714438340,40.44402605,-79.95254025,2,osm,footway,concrete,,,,,,yes,,,,,
,714438341,40.444376,-79.9517669625,8,osm,footway,dirt,,,,,,no,,,,,
,723284670,40.44558846666667,-79.94524539999999,3,osm,footway,,,,,,,,,,,,
,723284671,40.44511485,-79.945727075,4,osm,footway,,,,,,,,,,,private,
,723284672,40.445303800000005,-79.94549315,2,osm,steps,,,,,,,,,,,,
,723284673,40.44506792,-79.94621642,5,osm,steps,,,,,,,,,,,,
,723284674,40.4448143375,-79.9462732875,8,osm,footway,,,,,,,,,,,,
,723284676,40.444823988888885,-79.94622606666667,9,osm,service,,,,,,,,,,,,
,723284677,40.44497735,-79.94617015,2,osm,footway,,,,,,,,,,,,
,723284678,40.4449844,-79.94613774999999,2,osm,steps,,,,,,,,,,,,
,723284679,40.44498835,-79.9460594,2,osm,footway,,,,,,,,,,,no,
,723284680,40.444650333333335,-79.94655110000001,3,osm,footway,,,,,,,,,,,,
,723284681,40.444821,-79.94655133333333,3,osm,footway,,,,,,,,,,,,
,723284682,40.4447773,-79.9465554,2,osm,steps,concrete,,,,,,,,,,,
,723284683,40.4449548,-79.94649895,2,osm,footway,asphalt,,,,,,,,,,,
,723284684,40.44542236666667,-79.94652006666666,6,osm,footway,,,,,,,,,,,,
,723284685,40.445381733333335,-79.94655586666666,3,osm,footway,asphalt,,,,,,,,,,,
,723284686,40.4445783,-79.9465538,3,osm,footway,,,,,,,,,,,,
,723284687,40.4446666,-79.9466106,2,osm,footway,,,,,,,,,,,,
,723286221,40.44613409,-79.94465876000001,10,osm,footway,concrete,,,,,,yes,,,,,
,723286222,40.44595245714286,-79.94485284285714,7,osm,service,,,,,,,,,,,,
,723286223,40.4461167,-79.94403112500001,4,osm,footway,concrete,,,,,,yes,,,,,
,723286224,40.444912125,-79.943925425,4,osm,footway,concrete,,,,,,yes,,,,,
,723286225,40.445275225,-79.9446638375,8,osm,footway,concrete,,,,,,,,,,,
,723286226,40.4458919,-79.94386385,4,osm,footway,asphalt,,,,,,yes,,,,,
,723286227,40.4458417,-79.9442506,2,osm,service,asphalt,,,,,,,,,,private,
,723286228,40.445204999999994,-79.9440518,3,osm,service,asphalt,,,,,,,,,,private,
,723286229,40.44524232222222,-79.94435955555555,9,osm,footway,concrete,,,,,,yes,,,,,
,723286230,40.4449735,-79.94452934285714,7,osm,footway,concrete,,,,,,yes,,,,,
,723286232,40.4460551,-79.94431713333334,3,osm,service,asphalt,,,,,,,,,,,
,723960355,40.448855333333334,-79.94797311666666,6,osm,service,asphalt,,,,,,,,,,,
,723960356,40.4486191,-79.9478101,3,osm,service,asphalt,,,,,,,,,,,
,736575580,40.44426776666666,-79.94226306666667,3,osm,footway,concrete,,,,,,,,,,,
,736575581,40.444235975,-79.94202925,4,osm,footway,concrete,,,,,,,,,,,
,736575582,40.444312499999995,-79.9420618,2,osm,footway,concrete,,,,,,,,,,,
,736575583,40.4443037,-79.9419938,2,osm,footway,concrete,,,,,,,,,,,
,736575584,40.4442606,-79.9417467,3,osm,footway,concrete,,,,,,,,,,,
,736575585,40.4442199,-79.9415732,2,osm,footway,concrete,,,,,,,,,,,
,736575586,40.443748,-79.94113885,2,osm,footway,concrete,,,,,,,,,,,
,736575587,40.443391775,-79.9414126,4,osm,footway,concrete,,,,,,,,,,,
,736575588,40.443435566666665,-79.94139843333333,3,osm,footway,concrete,,,,,,,,,,,
,736575590,40.44388574285715,-79.94106867142857,7,osm,footway,concrete,,,,,,,,,,,
,736647453,40.4441757,-79.94203795,2,osm,footway,concrete,,,,,,,,,,,
,749754329,40.447602100000005,-79.93793473333334,6,osm,service,,,,,,,,,,,,
,749754330,40.44812728333333,-79.93682061666667,6,osm,service,,,,,,,,,,,,
,749759668,40.447898442857145,-79.94039925714286,7,osm,service,,,,,,,,,,,,
,749759669,40.44772845,-79.94063469999999,6,osm,service,,,,,,,,,,,,
,749759670,40.4479661,-79.939562425,12,osm,service,,,,,,,,,,,,
,749802111,40.446209328571435,-79.94610541428571,7,osm,service,,,,,,,,,,,private,
,749802112,40.44610011428572,-79.94597132857143,7,osm,service,,,,,,,,,,,private,
,749802113,40.44613055,-79.94598965,2,osm,service,,,,,,,,,,,private,
,749802114,40.44663606666666,-79.94529433333334,12,osm,service,,,,yes,,,,,,,private,
,749802115,40.44758396666666,-79.94715938333333,6,osm,service,asphalt,,,,,,,,,,,
,749802116,40.4480925875,-79.9460367125,8,osm,service,,,,yes,,,,,,,,
,749802118,40.448351583333334,-79.9455115,6,osm,service,,,,yes,,,,,,,,
,750054299,40.43986905294118,-79.93877184117648,17,osm,service,,,,,,,,,,,,
,750369947,40.44491205714286,-79.94246032857143,7,osm,service,,,,yes,,,,,,,,
,756153187,40.44830168,-79.94645948,5,osm,service,,,,,,,,,,,,
,756877043,40.447917100000005,-79.93807816666667,3,osm,service,,,,,,,,,,,,
,757111602,40.4419582,-79.94245760000001,2,osm,service,asphalt,,,,,,,,,,,
,761641802,40.44972483,-79.94437309999999,10,osm,service,,,,,,,,,,,private,
,761641803,40.44781916666667,-79.9443064,3,osm,service,,,,,,,,,,,private,
,761641804,40.447763625,-79.94495105,4,osm,service,,,,,,,,,,,,
,763709584,40.44792494285714,-79.93837037142858,7,osm,service,,,,,,,,,,,,
,763709585,40.448770825,-79.93816855,4,osm,service,,,,,,,,,,,,
,768281601,40.4418164,-79.952892075,4,osm,footway,concrete,,,,,,yes,,,,,
,769805493,40.44336388333333,-79.93609206666666,6,osm,service,,,,,,,,,,,private,
,800968213,40.44918126,-79.94490906,5,osm,service,,,,,,,,,,,private,
,816173889,40.447424025,-79.94065493333333,12,osm,service,,,,,,,,,,,,
,831111231,40.446701475,-79.9357097,4,osm,service,,,,,,,,,,,private,
,836140841,40.44332615,-79.9517425,2,osm,footway,concrete,,,,,,yes,,,,,
,836140842,40.44341977083334,-79.95177690416666,24,osm,footway,concrete,,,,,,yes,,,,,
,836140843,40.44350875000001,-79.95169245,2,osm,footway,concrete,,,,,,yes,,,,,
,836140844,40.44345475,-79.95192165,2,osm,footway,concrete,,,,,,yes,,,,,
,836140845,40.4434047,-79.95164125,2,osm,footway,concrete,,,,,,yes,,,,,
,836140846,40.44333825,-79.9518772,2,osm,footway,concrete,,,,,,yes,,,,,
,836140847,40.44337405,-79.9519876,2,osm,footway,concrete,,,,,,yes,,,,,
,836140848,40.44352775,-79.95182875,2,osm,footway,concrete,,,,,,yes,,,,,
,839717365,40.4427711,-79.9517123,4,osm,footway,concrete,,,,,,yes,,,,,
,839717366,40.44236884,-79.95180156,5,osm,footway,asphalt,,,,,,yes,,,,,
,839717367,40.44375876666667,-79.9523837,3,osm,service,,,,,,,,,,,,
,839717368,40.44399585,-79.95248925000001,2,osm,steps,concrete,,,,,,yes,,,,,
,839717369,40.4439951,-79.9524365,2,osm,footway,concrete,,,,,,yes,,,,,
,839717370,40.4439744,-79.95245615,2,osm,steps,concrete,,,,,,yes,,,,,
,839717371,40.44377203333333,-79.95239826666666,3,osm,footway,concrete,,,,,,yes,,,,,
,839717375,40.443451933333336,-79.95211006666666,3,osm,footway,asphalt,,,,,,yes,,,,,
,839717376,40.443424099999994,-79.952208,3,osm,footway,concrete,,,,,,yes,,,,,
,839717377,40.443519466666665,-79.9522659,3,osm,footway,asphalt,,,,,,yes,,,,,
,839717379,40.441728633333334,-79.95269883333333,3,osm,footway,asphalt,,,,,,yes,,,,,
,839717382,40.44185036666667,-79.95274996666667,3,osm,footway,asphalt,,,,,,yes,,,,,
,839717383,40.44194805,-79.95270715000001,2,osm,footway,concrete,,,,,,yes,,,,,
,839717384,40.44248476666667,-79.95169006666667,3,osm,footway,asphalt,,,,,,yes,,,,,
,839717385,40.44249525,-79.9518025,2,osm,footway,compacted,,,,,,yes,,,,,
,839717386,40.44247674285714,-79.95307115,14,osm,footway,concrete,,,,,,yes,,,,,
,839717387,40.443207175,-79.953049225,8,osm,footway,concrete,,,,,,yes,,,,,
,839717388,40.4430841,-79.95205113333334,6,osm,footway,concrete,,,,,,yes,,,,,
,839717389,40.44228653529411,-79.95230202352941,17,osm,footway,concrete,,,,,,,,,,,
,842459719,40.4437597,-79.9524944,2,osm,footway,concrete,,,,,,yes,,,,,
,842459720,40.4439375,-79.95260395,2,osm,steps,concrete,,,,,,yes,,,,,
,842459721,40.44394235,-79.9526363,2,osm,footway,concrete,,,,,,yes,,,,,
,842459722,40.4439687,-79.95258865,2,osm,steps,concrete,,,,,,yes,,,,,
,842459723,40.444126833333335,-79.95249106666667,3,osm,footway,concrete,,,,,,yes,,,,,
,842459724,40.44419925,-79.95245385,2,osm,steps,concrete,,,,,,yes,,,,,
,842459735,40.4451693,-79.9516606,2,osm,footway,concrete,,,,,,yes,,,,,
,842459736,40.44517976,-79.95164064000001,5,osm,footway,concrete,,,,,,yes,,,,,
,842459737,40.44509925,-79.9517562,2,osm,footway,concrete,,,,,,yes,,,,,
,842459738,40.4451045,-79.95185599999999,2,osm,footway,concrete,,,,,,yes,,,,,
,842459739,40.44517251578947,-79.95174898947369,19,osm,footway,concrete,,,,,,yes,,,,,
,842459743,40.44472996,-79.95163643999999,5,osm,footway,gravel,,,,,,no,,,,,
,849975375,40.44080505,-79.9506213,2,osm,steps,concrete,,,,,,yes,,,,,
,849975376,40.44044533333334,-79.95031093333334,3,osm,footway,,,,,,,,,,,,
,849975377,40.440393799999995,-79.95029786,5,osm,footway,,,,,,,,,,,,
,849975378,40.4403533,-79.9502493,3,osm,footway,,,,,,,,,,,,
,849975380,40.43790285714285,-79.9485769,7,osm,service,,,,yes,,,,,,,,
,858889620,40.44666112,-79.94680204,5,osm,service,,,,,,,,,,,,
,864054341,40.44091782,-79.94052962,5,osm,service,,,,,,,,,,,,
,865049873,40.44535278095238,-79.9527074,21,osm,footway,concrete,,,,,,,,,,,
,866897653,40.449451399999994,-79.94581326666666,3,osm,service,,,,,,,,,,,,
,867827239,40.44625435,-79.94433176666666,6,osm,footway,asphalt,,,,,,no,,,,,
,867827240,40.44640855,-79.944401,2,osm,steps,wood,,,,,,yes,,,,,
,868924599,40.44105417307692,-79.95347979615384,26,osm,footway,concrete,,,,,,yes,,,,,
,868924601,40.44132395675676,-79.95408245945946,37,osm,footway,concrete,,,,,,,,,,,
,874465339,40.43959735,-79.946798675,4,osm,footway,paved,,,,,,,,,,,
,874465340,40.4396842,-79.94665219999999,2,osm,footway,paved,,,,,,,,,,,
,874465341,40.44035194,-79.94714593,10,osm,footway,concrete,,,,,,,,,,,
,874465342,40.438324175,-79.94719635,12,osm,footway,paved,,,,,,,,,,,
,874465343,40.44094195,-79.94821809999999,2,osm,footway,,,,,,,,,,,,
,874465344,40.4408843,-79.94804896666666,3,osm,footway,,,,,,,,,,,,
,874465348,40.4405838,-79.94831573333333,3,osm,footway,,,,,,,,,,,,
,887814025,40.44873665,-79.94600735,2,osm,service,,,,,,,,,,,,
,887814026,40.44896228,-79.94495562,5,osm,service,asphalt,,,,,,,,,,,
,887814027,40.4490344,-79.94474275,2,osm,service,,,,,,,,,,,,
,887814028,40.449071733333334,-79.94458666666667,3,osm,service,asphalt,,,,,,,,,,,
,913301011,40.44360005,-79.9522959,2,osm,footway,concrete,,,,,,yes,,,,,
,913301012,40.44343485,-79.95223415000001,2,osm,footway,concrete,,,,,,yes,,,,,
,913301013,40.44342865,-79.9521976,2,osm,footway,concrete,,,,,,yes,,,,,
,913301014,40.44353825,-79.9523521,2,osm,service,asphalt,,,,,,,,,,,
,913301015,40.44358893333333,-79.9523737,3,osm,service,concrete,,,,,,,,,,,
,913301026,40.4417689,-79.95280059999999,2,osm,footway,compacted,,,,,,yes,,,,,
,913301027,40.4417645,-79.9527985,2,osm,footway,compacted,,,,,,yes,,,,,
,913301028,40.44186235,-79.95250425,2,osm,footway,concrete,,,,,,yes,,,,,
,913301029,40.44226925,-79.95160775,2,osm,footway,concrete,,,,,,,,,,,
,913301030,40.4424264,-79.95153414999999,2,osm,footway,concrete,,,,,,,,,,,
,913301031,40.4424809,-79.95158955,2,osm,footway,concrete,,,,,,,,,,,
,914224284,40.44041262857143,-79.95214252857143,7,osm,footway,concrete,,,,,,,,,,,
,914224285,40.4404487,-79.9506722,3,osm,footway,,,,,,,,,,,,
,914224286,40.43972253333333,-79.95031076666668,3,osm,service,,,,yes,,,,,,,,
,914224287,40.439960957142866,-79.95013571428571,7,osm,service,,,,,,,,,,,,
,914224288,40.4397255,-79.95025006666667,3,osm,service,,,,yes,,,,,,,,
,914224289,40.4400967,-79.9506167,2,osm,footway,,,,,,,,,,,,
,914224290,40.43952005,-79.95077125,2,osm,footway,,,,,,,,,,,,
,914224291,40.439776175,-79.95092002499999,4,osm,footway,,,,,,,,,,,,
,914224292,40.43952183333334,-79.95128196666667,3,osm,service,,,,,,,,,,,,
,914224293,40.4402997,-79.9501365,3,osm,footway,,,,,,,,,,,,
,914224294,40.439284533333336,-79.95063966666667,3,osm,footway,,,,,,,,,,,,
,914224295,40.438652966666666,-79.95028426666666,6,osm,footway,,,,,,,,,,,,
,914226180,40.4395905,-79.95109965,4,osm,steps,,,,,,,,,,,,
,914488887,40.44210477058824,-79.95150389999999,17,osm,cycleway,concrete,,,,,,,,,,,
,914499628,40.44306415,-79.95323959999999,14,osm,pedestrian,sett,,,,,,yes,,,,,
,915670683,40.44405001875,-79.94970563125,16,osm,footway,concrete,,,,,,yes,,,,,
,915670684,40.4438124,-79.95079075,2,osm,footway,concrete,,,,,,no,,,,,
,915670685,40.4438924,-79.9508485,3,osm,footway,asphalt,,,,,,yes,,,,,
,915670686,40.4439688,-79.95090375000001,2,osm,footway,concrete,,,,,,yes,,,,,
,915670687,40.44394718333333,-79.95105921666666,6,osm,footway,concrete,,,,,,yes,,,,,
,915670688,40.44419135,-79.95097195,2,osm,footway,concrete,,,,,,,,,,,
,915670689,40.44400715,-79.95088285,2,osm,footway,concrete,,,,,,yes,,,,,
,915670690,40.44402753333333,-79.9508009,3,osm,footway,asphalt,,,,,,yes,,,,,
,915670691,40.44385035,-79.95064880000001,2,osm,footway,concrete,,,,,,no,,,,,
,915670692,40.443942766666666,-79.95065593333334,3,osm,footway,asphalt,,,,,,yes,,,,,
,915670693,40.444559483333336,-79.95094065,6,osm,footway,concrete,,,,,,,,,,,
,915670694,40.444623416666666,-79.95037789999999,6,osm,footway,concrete,,,,,,,,,,,
,915670695,40.444068900000005,-79.950585425,4,osm,footway,concrete,,,,,,,,,,,
,915670696,40.445101375,-79.9506291,4,osm,footway,concrete,,,,,,,,,,,
,915670697,40.4440347,-79.9506663,2,osm,footway,concrete,,,,,,,,,,,
,915670698,40.44404965,-79.9507117,2,osm,footway,concrete,,,,,,,,,,,
,915670699,40.44506575,-79.95116535,2,osm,footway,asphalt,,,,,,,,,,,
,915670700,40.44510116666667,-79.95118023333333,3,osm,footway,asphalt,,,,,,,,,,,
,915670701,40.4451538,-79.95130723333334,3,osm,footway,asphalt,,,,,,,,,,,
,915670702,40.4456893,-79.95144855,6,osm,footway,concrete,,,,,,,,,,,
,915670703,40.44640351428571,-79.95061151428571,7,osm,footway,concrete,,,,,,,,,,,
,915670704,40.44660976470588,-79.95126072352942,17,osm,footway,concrete,,,,,,,,,,,
,915670705,40.44533747777778,-79.95072008888889,9,osm,footway,concrete,,,,,,,,,,,
,915670706,40.4456681,-79.95050950000001,2,osm,footway,concrete,,,,,,,,,,,
,915670707,40.44574275,-79.95051795,2,osm,footway,concrete,,,,,,,,,,,
,915670708,40.44570366666667,-79.95050716666667,3,osm,footway,asphalt,,,,,,,,,,,
,915670709,40.4451438,-79.9511977,2,osm,footway,concrete,,,,,,,,,,,
,915670710,40.44517245,-79.951239,2,osm,footway,concrete,,,,,,,,,,,
,915670711,40.44513355,-79.95138685,2,osm,footway,concrete,,,,,,,,,,,
,915670712,40.44631705,-79.9519452,2,osm,footway,concrete,,,,,,,,,,,
,915670713,40.44631815,-79.95198875,2,osm,footway,concrete,,,,,,,,,,,
,915670714,40.44641756666667,-79.95202133333333,3,osm,footway,asphalt,,,,,,,,,,,
,915670715,40.4463778,-79.9518663,3,osm,footway,asphalt,,,,,,,,,,,
,915670716,40.44643455,-79.95179175000001,2,osm,footway,concrete,,,,,,,,,,,
,915670717,40.446478850000005,-79.95176565,2,osm,footway,concrete,,,,,,,,,,,
,915670718,40.4465794,-79.95179536666666,3,osm,footway,asphalt,,,,,,,,,,,
,915670719,40.44663193333333,-79.95193523333334,3,osm,footway,asphalt,,,,,,,,,,,
,915670720,40.447278455555555,-79.95232875555556,9,osm,footway,concrete,,,,,,yes,,,,,
,915670722,40.44642542857143,-79.95220348571429,7,osm,footway,concrete,,,,,,,,,,,
,915670727,40.44658065,-79.9520038,2,osm,footway,concrete,,,,,,,,,,,
,915670728,40.44652205,-79.95205495,2,osm,footway,concrete,,,,,,,,,,,
,915670740,40.447054944,-79.951627476,25,osm,footway,concrete,,,,,,,,,,,
,915670741,40.44669745,-79.95185054999999,2,osm,footway,concrete,,,,,,,,,,,
,915670742,40.4466941,-79.9518253,2,osm,footway,concrete,,,,,,,,,,,
,915670748,40.44738005714286,-79.95096238571429,7,osm,footway,concrete,,,,,,,,,,,
,915670752,40.4468879,-79.9507687,2,osm,footway,concrete,,,,,,,,,,,
,915670753,40.44670915,-79.95074925,2,osm,footway,concrete,,,,,,,,,,,
,915670754,40.446796166666665,-79.95075856666666,3,osm,footway,asphalt,,,,,,,,,,,
,915670755,40.44690936666667,-79.95062193333332,3,osm,footway,asphalt,,,,,,,,,,,
,915670756,40.44690355,-79.95072955,2,osm,footway,concrete,,,,,,,,,,,
,915670757,40.44669653333333,-79.95056206666668,3,osm,footway,asphalt,,,,,,,,,,,
,915670758,40.44668185,-79.95064435,2,osm,footway,concrete,,,,,,,,,,,
,915670759,40.446812066666666,-79.95045076666666,3,osm,footway,asphalt,,,,,,,,,,,
,915670760,40.44674754166667,-79.949574725,12,osm,footway,concrete,,,,,,,,,,,
,915670761,40.44636773333334,-79.94901016666667,3,osm,footway,concrete,,,,,,,,,,,
,915670762,40.4458849125,-79.949474275,8,osm,footway,,,,,,,,,,,,
,915670763,40.4462588,-79.95043586666667,3,osm,footway,asphalt,,,,,,,,,,,
,915670764,40.44593533333333,-79.95039108333333,6,osm,footway,concrete,,,,,,,,,,,
,915670765,40.44672645,-79.9504398,2,osm,footway,concrete,,,,,,,,,,,
,915670766,40.4467111,-79.95046905000001,2,osm,footway,concrete,,,,,,,,,,,
,915670767,40.446595975,-79.9504644,4,osm,footway,concrete,,,,,,,,,,,
,915670768,40.44821866923077,-79.9498639,13,osm,footway,concrete,,,,,,,,,,,
,915670769,40.44783717692307,-79.95106446153846,13,osm,footway,concrete,,,,,,yes,,,,,
,915670770,40.44697166363636,-79.94978376363636,11,osm,footway,concrete,,,,,,,,,,,
,915670772,40.4469009,-79.95046285000001,2,osm,footway,concrete,,,,,,,,,,,
,915670773,40.446923049999995,-79.95051165,2,osm,footway,concrete,,,,,,,,,,,
,915670774,40.445199849999995,-79.95044680000001,2,osm,footway,concrete,,,,,,,,,,,
,915670775,40.44512025,-79.95045285,2,osm,footway,concrete,,,,,,,,,,,
,915670776,40.44515723333333,-79.95044826666667,3,osm,footway,asphalt,,,,,,,,,,,
,915670792,40.443774,-79.9518805,4,osm,footway,concrete,,,,,,yes,,,,,
,915670793,40.4435608,-79.95246529999999,3,osm,footway,concrete,,,,,,yes,,,,,
,915670794,40.443586333333336,-79.95236799999999,3,osm,footway,paving_stones,,,,,,yes,,,,,
,931218722,40.43757,-79.94773525,2,osm,service,,,,,,,,,,,,
,945345197,40.44676075,-79.94740635,2,osm,service,,,,,,,,,,,,
,945345198,40.4466197,-79.94736975000001,2,osm,service,,,,,,,,,,,,
,945345199,40.4458828,-79.94445845000001,2,osm,service,asphalt,,,,,,,,,,,
,945345200,40.444895333333335,-79.94297945,6,osm,footway,concrete,,,,,,yes,,,,,
,945345201,40.44491661666667,-79.94229246666667,24,osm,footway,concrete,,,,,,,,,,,
,945345202,40.44480555,-79.9414375,2,osm,service,asphalt,,,,,,,,,,,
,945345203,40.444734375,-79.9419514875,8,osm,service,,,,,,,,,,,,
,945352524,40.445101225,-79.944144475,4,osm,footway,concrete,,,,,,yes,,,,,
,945352525,40.4413020625,-79.9464641,16,osm,footway,concrete,,,,,,,,,,,
,945352526,40.444669616666665,-79.94556175,6,osm,footway,concrete,,,,,,,,,,,
,945352527,40.446818342307694,-79.94649511538462,26,osm,footway,concrete,,,,,,yes,,,,,
,945352528,40.44688855,-79.94633775,8,osm,footway,,,,,,,,,,,,
,945352529,40.44701656153846,-79.94563930000001,26,osm,footway,,,,,,,,,,,,
,945352530,40.44712381666667,-79.94518213333333,6,osm,footway,concrete,,,,,,,,,,,
,945352531,40.44693316666667,-79.94630853333332,3,osm,footway,paving_stones,,,,,,,,,,,
,945352532,40.4457277,-79.94796875,4,osm,service,,,,,,,,,,,,
,945352533,40.44561246666667,-79.94798596666666,3,osm,service,,,,,,,,,,,,
,945363988,40.4452026375,-79.948056175,8,osm,service,asphalt,,,yes,,,no,no,,,private,
,945363989,40.445084625,-79.94786145,4,osm,service,asphalt,,,,,,no,no,,,private,
,945363990,40.4451994,-79.9477736,2,osm,service,asphalt,,,,,,no,no,,,private,
,945363991,40.44539426666666,-79.94788756666667,3,osm,footway,,,,,,,,,,,,
,945363992,40.44421931428571,-79.93969473571428,14,osm,footway,,,,,,,,,,,,
,945363994,40.44169560909091,-79.94069966363637,11,osm,footway,,,,,,,,,,,,
,945363995,40.44130539166667,-79.941535025,12,osm,footway,,,,,,,,,,,,
,945363996,40.44035768,-79.94160786,5,osm,footway,concrete,,,,,,,,,,,
,945376404,40.44723794615384,-79.94670599230768,13,osm,footway,concrete,,,,,,yes,,,,,
,957416985,40.44029153333333,-79.9385754,3,osm,service,,,,,,,,,,,,
,964812617,40.4455046,-79.94437685,2,osm,footway,concrete,,,,,,yes,,,,,
,964812618,40.445408650000005,-79.94444254999999,2,osm,footway,concrete,,,,,,yes,,,,,
,964812619,40.445305000000005,-79.944513,2,osm,footway,concrete,,,,,,yes,,,,,
,984073351,40.4441923,-79.94256625,2,osm,footway,concrete,,,,,,no,,,,,
,984073352,40.44452666666667,-79.94438593333334,3,osm,footway,asphalt,,,,,,yes,,,,,
,984073353,40.44451255,-79.9449794,2,osm,footway,concrete,,,,,,,,,,,
,984073354,40.4444639,-79.94478204999999,2,osm,footway,asphalt,,,,,,yes,,,,,
,984073355,40.44426542,-79.94462576,5,osm,footway,asphalt,,,,,,yes,,,,,
,984073356,40.4445284,-79.9439007,4,osm,footway,concrete,,,,,,,,,,,
,984073357,40.44450246666667,-79.94529043333334,3,osm,footway,,,,,,,,,,,,
,984073358,40.4444917,-79.94557023333333,3,osm,footway,,,,,,,,,,,,
,984073359,40.44447746666666,-79.94608463333333,3,osm,footway,,,,,,,,,,,,
,984073360,40.4444823,-79.9458619,3,osm,footway,concrete,,,,,,,,,,,
,987148540,40.445547925,-79.948898925,4,osm,footway,concrete,,,,,,,,,,,
,987148541,40.44525315,-79.9498368375,8,osm,footway,,,,,,,,,,,,
,987148542,40.445678400000006,-79.95035215,2,osm,footway,concrete,,,,,,,,,,,
,987148543,40.44551718333333,-79.95033529999999,6,osm,footway,concrete,,,,,,,,,,,
,987148544,40.445718783333334,-79.94973536666667,6,osm,footway,,,,,,,,,,,,
,987148545,40.4457163,-79.95036026666666,3,osm,footway,asphalt,,,,,,,,,,,
,987148546,40.4457555,-79.9503602,2,osm,footway,concrete,,,,,,,,,,,
,1000535294,40.44399195,-79.94379275,2,osm,footway,concrete,,,,,,yes,,,,,
,1001793192,40.4456373,-79.94467113333333,3,osm,footway,concrete,,,,,,,,,,,
,1001793193,40.4456063,-79.9447043,2,osm,steps,concrete,,,,,,yes,,,,,
,1001793194,40.4456009,-79.94485965,2,osm,steps,concrete,,,,,,yes,,,,,
,1001793199,40.4441743,-79.94158615,2,osm,footway,concrete,,,,,,,,,,,
,1001793200,40.444756866666665,-79.94352706666666,3,osm,footway,concrete,,,,,,no,,,,,
,1001793201,40.44430773571428,-79.94186641428571,14,osm,footway,concrete,,,,,,,,,,,
,1001793202,40.4440906,-79.94082408181818,11,osm,footway,concrete,,,,,,,,,,,
,1001793203,40.44300496,-79.93848026,5,osm,footway,,,,,,,,,,,,
,1001793204,40.44384506666666,-79.93901406666667,3,osm,footway,,,,,,,,,,,,
,1001793205,40.4438372,-79.93870586666667,3,osm,footway,,,,,,,,,,,,
,1001793206,40.443965,-79.93866323333333,3,osm,footway,,,,,,,,,,,,
,1001793207,40.443741233333334,-79.9384707,3,osm,footway,concrete,,,,,,,,,,,
,1001793208,40.44261925,-79.93745483333333,6,osm,footway,concrete,,,,,,,,,,,
,1001793209,40.4433985,-79.93816866666667,3,osm,footway,,,,,,,,,,,,
,1001793210,40.4441111,-79.94131713333333,3,osm,footway,concrete,,,,,,,,,,,
,1001793211,40.444251,-79.9412676,3,osm,footway,concrete,,,,,,,,,,,
,1001795335,40.44435635,-79.94301855,2,osm,steps,concrete,,,,,,yes,,,,,
,1001795336,40.44438173333333,-79.94301,3,osm,footway,concrete:plates,,,,,,yes,,,,,
,1001795337,40.4444063,-79.9430016,2,osm,steps,concrete,,,,,,yes,,,,,
,1001795338,40.44443185,-79.94299269999999,2,osm,footway,concrete:plates,,,,,,yes,,,,,
,1001795339,40.44448695,-79.94297265,2,osm,footway,concrete:plates,,,,,,yes,,,,,
,1001796242,40.443772550000006,-79.9433502,2,osm,footway,concrete:plates,,,,,,yes,,,,,
,1001797767,40.4436441,-79.94416935,2,osm,footway,paving_stones,,,,,,,,,,,
,1001797768,40.44417135,-79.94430285714286,14,osm,footway,asphalt,,,,,,yes,,,,,
,1001797769,40.44414045,-79.9432003,2,osm,footway,concrete:plates,,,,,,yes,,,,,
,1001805206,40.4419416,-79.94592028888889,9,osm,footway,concrete,,,,,,,,,,,
,1001805207,40.44198955,-79.94584259999999,2,osm,footway,paving_stones,,,,,,,,,,,
,1001941218,40.4421042,-79.9462348,2,osm,steps,concrete,,,,,,,,,,,
,1001941219,40.442092900000006,-79.94613724999999,2,osm,footway,concrete,,,,,,,,,,,
,1001941220,40.4421125,-79.9465778,3,osm,footway,concrete,,,,,,,,,,,
,1001941221,40.442143599999994,-79.94675065,2,osm,steps,concrete,,,,,,,,,,,
,1002088265,40.44239708,-79.9460118,5,osm,footway,concrete,,,,,,,,,,,
,1002088266,40.4422874,-79.9456475,2,osm,steps,concrete,,,,,,,,,,,
,1002088267,40.442241675,-79.945425375,4,osm,footway,concrete,,,,,,no,,,,,
,1002088268,40.44219735,-79.94520829999999,2,osm,steps,concrete,,,,,,no,,,,,
,1002088269,40.44181991111111,-79.93941246666667,9,osm,footway,,,,,,,,,,,,
,1002088270,40.4415233,-79.94005735,2,osm,steps,,,,,,,,,,,,
,1002088271,40.441489950000005,-79.94003175,2,osm,footway,,,,,,,,,,,,
,1002088272,40.44146175,-79.94001109999999,2,osm,steps,,,,,,,,,,,,
,1002088273,40.4414328,-79.93999045000001,2,osm,footway,,,,,,,,,,,,
,1002088274,40.44140165,-79.9399678,2,osm,steps,,,,,,,,,,,,
,1002088275,40.4414131,-79.939768,3,osm,footway,,,,,,,,,,,,
,1002088276,40.44132195,-79.93992265,2,osm,footway,,,,,,,,,,,,
,1002088277,40.44159655,-79.93912275,2,osm,footway,,,,,,,,,,,,
,1002088278,40.441828599999994,-79.93929030000001,2,osm,steps,,,,,,,,,,,,
,1002088279,40.441723249999995,-79.939215725,4,osm,footway,,,,,,,,,,,,
,1002088280,40.44164305,-79.9391575,2,osm,steps,,,,,,,,,,,,
,1002088281,40.4415227,-79.939067,2,osm,footway,,,,,,,,,,,,
,1002088282,40.44155045,-79.93908830000001,2,osm,steps,,,,,,,,,,,,
,1002088283,40.44177213333333,-79.93925036666667,3,osm,footway,,,,,,,,,,,,
,1002088284,40.44167123333333,-79.939178,3,osm,footway,,,,,,,,,,,,
,1002088285,40.44171565,-79.9396056,2,osm,steps,,,,,,,,,,,,
,1002088286,40.4416795,-79.93958175,2,osm,footway,,,,,,,,,,,,
,1002088287,40.44164955,-79.93956205,2,osm,steps,,,,,,,,,,,,
,1002088288,40.4416076,-79.93953135000001,2,osm,footway,,,,,,,,,,,,
,1002088289,40.44156565,-79.93950025000001,2,osm,steps,,,,,,,,,,,,
,1002088290,40.441533250000006,-79.93947940000001,2,osm,footway,,,,,,,,,,,,
,1002088291,40.44154392857143,-79.93968821428572,7,osm,footway,,,,,,,,,,,,
,1002490007,40.44228313333333,-79.94442703333334,3,osm,footway,concrete,,,,,,,,,,,
,1002490008,40.44215556,-79.94429776,5,osm,footway,paving_stones,,,,,,no,,,,,
,1002490009,40.44218905,-79.9443206,2,osm,steps,concrete,,,,,,no,,,,,
,1002490010,40.44218015,-79.9443446,2,osm,footway,paving_stones,,,,,,no,,,,,
,1002490011,40.44217955,-79.9443717,2,osm,steps,concrete,,,,,,no,,,,,
,1002490012,40.4421915,-79.94441746666666,3,osm,footway,paving_stones,,,,,,no,,,,,
,1002490013,40.4421991,-79.94440875000001,2,osm,footway,paving_stones,,,,,,,,,,,
,1002490014,40.44221415,-79.94440045,2,osm,steps,concrete,,,,,,,,,,,
,1002490015,40.44223305,-79.9443915,2,osm,footway,paving_stones,,,,,,,,,,,
,1002490016,40.4422525,-79.9443907,2,osm,steps,concrete,,,,,,,,,,,
,1002490017,40.44226865,-79.94439505,2,osm,footway,paving_stones,,,,,,,,,,,
,1002490018,40.4422829,-79.94439274999999,2,osm,steps,concrete,,,,,,,,,,,
,1002490019,40.442292,-79.9444067,2,osm,footway,paving_stones,,,,,,,,,,,
,1002490020,40.4421852,-79.94424363333333,3,osm,footway,paving_stones,,,,,,no,,,,,
,1002518742,40.442581966666665,-79.94405226666667,3,osm,footway,,,,,,,,,,,,
,1002518743,40.44264925,-79.94661260000001,2,osm,footway,,,,,,,,,,,,
,1002518744,40.441293349999995,-79.9437851,2,osm,footway,concrete:plates,,,,,,yes,,,,,
,1002518745,40.4410312,-79.94335536666667,3,osm,footway,concrete,,,,,,,,,,,
,1002518746,40.44226025,-79.94621825,2,osm,steps,concrete,,,,,,,,,,,
,1002518747,40.44204805,-79.94609685,2,osm,footway,concrete,,,,,,,,,,,
,1002518748,40.4416255,-79.94314395,2,osm,footway,paving_stones,,,,,,,,,,,
,1002518749,40.44245265,-79.94054905,2,osm,footway,concrete,,,,,,,,,,,
,1002518750,40.441894950000005,-79.93960985,2,osm,footway,paved,,,,,,,,,,,
,1002518751,40.4419403,-79.9394685,2,osm,footway,,,,,,,,,,,,
,1002518752,40.4419925,-79.93940715,2,osm,footway,paved,,,,,,,,,,,
,1002518753,40.4420034,-79.93931695,2,osm,footway,,,,,,,,,,,,
,1002575210,40.4446937,-79.9447663,2,osm,footway,concrete,,,,,,yes,,,,,
,1002575211,40.444734325,-79.9442222,4,osm,footway,concrete:plates,,,,,,,,,,,
,1002575212,40.444522500000005,-79.94461444999999,2,osm,footway,concrete,,,,,,yes,,,,,
,1002575213,40.44459903333333,-79.9447591,3,osm,footway,asphalt,,,,,,yes,,,,,
,1002575215,40.444630966666665,-79.94313553333333,3,osm,footway,asphalt,,,,,,yes,,,,,
,1002575216,40.44476673333333,-79.9429384,3,osm,footway,asphalt,,,,,,,,,,,
,1002575217,40.44461724,-79.94286296,5,osm,footway,asphalt,,,,,,yes,,,,,
,1002575218,40.44479966666666,-79.94313433333333,3,osm,steps,concrete,,,,,,,,,,,
,1002575222,40.444745,-79.9431897,2,osm,footway,concrete,,,,,,,,,,,
,1002857131,40.4421004,-79.9463877,2,osm,footway,concrete,,,,yes,,,,,,,
,1002857134,40.44170735,-79.94197545,2,osm,steps,concrete,,,,,,,,,,,
,1002857135,40.44175785,-79.94197905,2,osm,footway,concrete,,,,,,,,,,,
,1002857136,40.44162106666667,-79.94201033333333,3,osm,path,concrete,,,,,,,,,,,
,1002857137,40.44162365,-79.94204404999999,2,osm,footway,concrete,,,,,,,,,,,
,1002857139,40.44250322,-79.93946786000001,5,osm,footway,concrete,,,,,,,,,,,
,1002857140,40.443683825,-79.9424784,4,osm,footway,concrete,,,,,,,,,,,
,1002857146,40.4415462,-79.94021773333334,3,osm,footway,,,,,,,,,,,,
,1003683010,40.44208845,-79.9465311,2,osm,footway,concrete,,,,,,,,,,,
,1009954265,40.4451969,-79.94487053333334,3,osm,footway,,,,,,,,,,,,
,1009992188,40.44669695,-79.94225545,2,osm,footway,concrete:plates,,,,,,,,,,,
,1009992189,40.446005,-79.94216126666667,3,osm,footway,,,,,,,,,,,,
,1009992190,40.44559614285714,-79.9426059,7,osm,footway,,,,,,,,,,,,
,1009992191,40.4455299,-79.942581375,4,osm,footway,,,,,,,,,,,,
,1009992192,40.445924633333334,-79.9423755,3,osm,footway,asphalt,,,,,,,,,,,
,1009992193,40.44600236666667,-79.94349293333333,3,osm,service,asphalt,,,,,,,,,,,
,1009992194,40.44599593636364,-79.9430156,11,osm,footway,,,,,,,,,,,,
,1009992195,40.44561325,-79.943527925,4,osm,footway,concrete,,,,,,,,,,,
,1009992196,40.44592866666667,-79.943327,3,osm,footway,asphalt,,,,,,,,,,,
,1009992197,40.44520195,-79.9433597,2,osm,steps,concrete,,,,,,,,,,,
,1009992198,40.4452415,-79.9433408,2,osm,footway,concrete,,,,,,,,,,,
,1009992199,40.44509525,-79.9429687,2,osm,steps,concrete,,,,,,yes,,,,,
,1010489471,40.445597125,-79.9434388,4,osm,service,asphalt,,,,,,,,,,,
,1010489472,40.4455483,-79.94353939999999,2,osm,footway,asphalt,,,,,,,,,,,
,1010489473,40.4455276,-79.94348853333334,3,osm,footway,asphalt,,,,,,,,,,,
,1010489474,40.44536595714286,-79.94353487142858,7,osm,footway,concrete,,,,,,,,,,,
,1010489475,40.4469540625,-79.9432541375,16,osm,footway,,,,,,,,,,,,
,1010489476,40.447382775,-79.944168375,12,osm,footway,concrete,,,,,,,,,,,
,1010489477,40.448153809090904,-79.94630249090909,11,osm,footway,concrete,,,,,,yes,,,,,
,1010489479,40.446532649999995,-79.94440349999999,2,osm,footway,concrete,,,,,,yes,,,,,
,1010489480,40.4470588,-79.94458979999999,2,osm,footway,concrete,,,,,,,,,,,
,1010489481,40.446798060000006,-79.94504006,5,osm,service,,,,,,,,,,,,
,1010489482,40.44655205,-79.9449539,2,osm,service,,,,,,,,,,,,
,1010489483,40.44672745,-79.94496165,2,osm,service,,,,,,,,,,,,
,1010489485,40.4470546,-79.94497185,2,osm,footway,concrete,,,,,,yes,,,,,
,1010489486,40.4470556,-79.9449039,2,osm,steps,concrete,,,,,,yes,,,,,
,1010489488,40.44626375,-79.94530234999999,2,osm,footway,,,,,,,,,,,,
,1010489489,40.44623922222222,-79.9463228,9,osm,footway,,,,,,,,,,,,
,1010489490,40.446436199999994,-79.9457663,2,osm,steps,,,,,,,,,,,,
,1010489491,40.4462405,-79.9464252,2,osm,footway,,,,,,,,,,,,
,1010489492,40.44638012857143,-79.9460974,7,osm,footway,,,,,,,,,,,,
,1010489493,40.44656357777777,-79.94580205555556,9,osm,service,,,,,,,,,,,,
,1010489494,40.44670034,-79.94618528,5,osm,service,,,,,,,,,,,,
,1010489495,40.44645045,-79.9459485,2,osm,footway,,,,,,,,,,,,
,1010489496,40.446514500000006,-79.94559895,2,osm,steps,,,,,,,,,,,,
,1010489497,40.44672705,-79.94579845,2,osm,steps,,,,,,,,,,,,
,1010489503,40.44624725,-79.94647155000001,2,osm,steps,,,,,,,,,,,,
,1010489504,40.4465952,-79.94672754999999,2,osm,steps,,,,,,,,,,,,
,1010489505,40.44664165,-79.94674045,2,osm,footway,,,,,,,,,,,,
,1010489506,40.446527225,-79.9464988,4,osm,footway,,,,,,,,,,,,
,1010489507,40.446638671428566,-79.94624354285715,7,osm,footway,,,,,,,,,,,,
,1010489508,40.44641165,-79.9461034,2,osm,footway,,,,,,,,,,,,
,1010489509,40.4465312,-79.94597656666667,3,osm,footway,,,,,,,,,,,,
,1010489510,40.44691313333333,-79.94536383333333,3,osm,footway,,,,,,,,,,,,
,1010489511,40.4469366,-79.94536414999999,2,osm,steps,concrete,,,,,,,,,,,
,1010489512,40.4469564,-79.94534763333333,3,osm,footway,,,,,,,,,,,,
,1010489514,40.4465108,-79.9459999,2,osm,footway,,,,,,,,,,,,
,1010489515,40.44683625,-79.94628895,2,osm,footway,,,,,,,,,,,,
,1010489516,40.44701075,-79.9458333,2,osm,steps,concrete,,,,,,yes,,,,,
,1010489517,40.44702386666667,-79.9457643,3,osm,footway,concrete,,,,,,,,,,,
,1010489518,40.4470895,-79.94584455,2,osm,steps,concrete,,,,,,no,,,,,
,1010489519,40.4470526,-79.94583845,2,osm,footway,paving_stones,,,,,,no,,,,,
,1010489520,40.44721046666667,-79.94544533333334,3,osm,footway,asphalt,,,,,,yes,,,,,
,1010489521,40.4473237,-79.94539316666666,3,osm,footway,asphalt,,,,,,yes,,,,,
,1010489522,40.4472244,-79.94527506666667,3,osm,footway,asphalt,,,,,,yes,,,,,
,1010489524,40.44747975,-79.9446722,2,osm,steps,,,,,,,,,,,,
,1010489525,40.44741893333333,-79.9446153,3,osm,footway,,,,,,,,,,,,
,1010489526,40.4473904,-79.944644,2,osm,footway,,,,,,,,,,,,
,1010489528,40.4471040875,-79.94481726875,16,osm,pedestrian,concrete,,,,,,,,,,,
,1012627894,40.447422333333336,-79.9425548,3,osm,footway,asphalt,,,,,,no,,,,,
,1012627895,40.4473477,-79.94242206666667,3,osm,footway,asphalt,,,,,,no,,,,,
,1012627896,40.449080696969695,-79.94349682121212,33,osm,footway,concrete:plates,,,,,,no,,,,,
,1012627900,40.448259785,-79.94072642500001,20,osm,footway,,,,,,,,,,,,
,1012627901,40.44973655,-79.94010405,2,osm,footway,,,,,,,,,,,,
,1012627902,40.44922796666666,-79.93980726666668,3,osm,footway,,,,,,,,,,,,
,1012627903,40.44963441111111,-79.9421560888889,9,osm,footway,concrete,,,,,,no,,,,,
,1012627904,40.44901243333333,-79.94259346666666,3,osm,footway,asphalt,,,,,,,,,,,
,1022073977,40.44080988571428,-79.94340807857144,14,osm,footway,concrete,,,,,,,,,,,
,1022073979,40.4414524,-79.9403897,5,osm,footway,concrete,,,,,,,,,,,
,1022073980,40.44137171111111,-79.94187201111112,9,osm,footway,concrete,,,,,,,,,,,
,1022073981,40.44026615,-79.9425578,2,osm,footway,concrete,,,,,,,,,,,
,1022073982,40.44051816666666,-79.94211853333333,3,osm,footway,concrete,,,,,,,,,,,
,1023468912,40.4468222,-79.9490735,2,osm,footway,concrete,,,,,,,,,,,
,1023468913,40.44683473333333,-79.94897263333333,3,osm,footway,asphalt,,,,,,,,,,,
,1023468914,40.446834457142856,-79.94883888571428,7,osm,footway,concrete,,,,,,,,,,,
,1023468915,40.446839,-79.94886925,2,osm,footway,concrete,,,,,,,,,,,
,1023468916,40.446876849999995,-79.94882495,2,osm,footway,concrete,,,,,,,,,,,
,1023468917,40.44696853333333,-79.94885346666666,3,osm,footway,asphalt,,,,,,,,,,,
,1023468918,40.44708005,-79.94892145,8,osm,footway,concrete,,,,,,,,,,,
,1023468919,40.44705675,-79.948881,2,osm,footway,concrete,,,,,,,,,,,
,1023468920,40.44704863333334,-79.9490667,3,osm,footway,asphalt,,,,,,,,,,,
,1023468921,40.44707,-79.948955,2,osm,footway,concrete,,,,,,,,,,,
,1023468922,40.44693313333334,-79.94914956666666,3,osm,footway,asphalt,,,,,,,,,,,
,1023468923,40.4470338,-79.94919865,2,osm,footway,concrete,,,,,,,,,,,
,1023468924,40.44684025,-79.94911945,2,osm,footway,concrete,,,,,,,,,,,
,1023468925,40.447176033333335,-79.94735936666666,3,osm,footway,asphalt,,,,,,yes,,,,,
,1023468926,40.44707676666666,-79.94720686666666,3,osm,footway,asphalt,,,,,,yes,,,,,
,1023468927,40.447097033333336,-79.94741793333333,3,osm,footway,asphalt,,,,,,,,,,,
,1023468928,40.44714805,-79.94722665,2,osm,footway,concrete,,,,,,yes,,,,,
,1023468929,40.4471653,-79.94724895,2,osm,footway,concrete,,,,,,yes,,,,,
,1023468930,40.44700595,-79.9471742,2,osm,footway,concrete,,,,,,yes,,,,,
,1023468931,40.4469995,-79.94725203333333,3,osm,footway,asphalt,,,,,,yes,,,,,
,1023468932,40.4469981,-79.94717795,2,osm,footway,concrete,,,,,,yes,,,,,
,1023468933,40.44696525,-79.94771431000001,10,osm,footway,concrete,,,,,,,,,,,
,1023468934,40.447013600000005,-79.9473533,2,osm,footway,concrete,,,,,,,,,,,
,1023468935,40.447002,-79.9473258,2,osm,footway,concrete,,,,,,,,,,,
,1023468936,40.447194726666666,-79.94771779333334,15,osm,footway,concrete,,,,,,,,,,,
,1023468937,40.44719495,-79.94749965,2,osm,footway,concrete,,,,,,,,,,,
,1023469655,40.448048633333336,-79.9476213,3,osm,footway,asphalt,,,,,,yes,,,,,
,1023469656,40.4481137,-79.94773526666667,3,osm,footway,asphalt,,,,,,yes,,,,,
,1023469657,40.448161125,-79.947635875,8,osm,footway,concrete,,,,,,yes,,,,,
,1023469658,40.44813145,-79.94764409999999,2,osm,footway,concrete,,,,,,yes,,,,,
,1023469659,40.44813675,-79.9476614,2,osm,footway,concrete,,,,,,yes,,,,,
,1023469660,40.448078625,-79.9478147,4,osm,footway,concrete,,,,,,,,,,,
,1023469661,40.4480935,-79.94781244999999,2,osm,footway,concrete,,,,,,,,,,,
,1023470060,40.449062833333336,-79.94663853333333,6,osm,footway,concrete,,,,,,yes,,,,,
,1023470062,40.4491039,-79.94637247272728,11,osm,footway,,,,,,,,,,,,
,1023470063,40.448866,-79.9467372,3,osm,footway,asphalt,,,,,,,,,,,
,1023470064,40.4488679,-79.94662876666666,3,osm,footway,asphalt,,,,,,,,,,,
,1023470065,40.44883075,-79.946668,2,osm,footway,concrete,,,,,,,,,,,
,1023470066,40.44882915,-79.9466794,2,osm,footway,concrete,,,,,,,,,,,
,1023470067,40.44890225,-79.94679735,2,osm,footway,concrete,,,,,,,,,,,
,1023470068,40.4489088,-79.94658014999999,2,osm,footway,concrete,,,,,,,,,,,
,1023470590,40.4504378,-79.94508486666666,3,osm,footway,asphalt,,,,,,no,,,,,
,1023470594,40.450394233333334,-79.94498476666666,3,osm,footway,asphalt,,,,,,no,,,,,
,1023470595,40.450420300000005,-79.94492600000001,2,osm,footway,concrete,,,,,,no,,,,,
,1023470596,40.45033991538462,-79.9453037,13,osm,footway,concrete,,,,,,,,,,,
,1023470597,40.4495313,-79.94595146666666,3,osm,footway,asphalt,,,,,,,,,,,
,1023470598,40.44999971666667,-79.94537983333333,6,osm,footway,concrete,,,,,,,,,,,
,1023470599,40.45037275,-79.94505430000001,2,osm,footway,concrete,,,,,,no,,,,,
,1023470600,40.45036815,-79.9450324,2,osm,footway,concrete,,,,,,no,,,,,
,1030258882,40.449358125,-79.950321175,8,osm,footway,concrete,,,,,,,,,,,
,1030258884,40.448026666666664,-79.94954153333333,3,osm,footway,concrete,,,,,,,,,,,
,1030258885,40.44782845,-79.9494191,4,osm,footway,concrete,,,,,,,,,,,
,1030258886,40.44760456666666,-79.9492825,3,osm,footway,,,,,,,,,,,,
,1030258887,40.447333725,-79.94911647500001,4,osm,footway,concrete,,,,,,,,,,,
,1033988120,40.4466556,-79.941224,2,osm,service,,,,,,,,,,,private,
,1033988121,40.4470183,-79.93661145,4,osm,service,,,,,,,,,,,private,
,1036408922,40.4450762,-79.94291390000001,3,osm,footway,concrete,,,,,,yes,,,,,
,1037237567,40.445589600000005,-79.94493075,2,osm,footway,concrete,,,,,,,,,,,
,1037237568,40.445600549999995,-79.94461505,2,osm,footway,concrete,,,,,,,,,,,
,1047759659,40.44261455,-79.95091035,2,osm,footway,concrete,,,,,,,,,,,
,1047759660,40.44263415,-79.95115915,2,osm,footway,concrete,,,,,,,,,,,
,1047759661,40.44265045,-79.95109605,2,osm,steps,concrete,,,,,,,,,,,
,1047759662,40.44267033333333,-79.95102006666667,3,osm,footway,concrete,,,,,,,,,,,
,1047759663,40.442695099999995,-79.95092745,2,osm,steps,concrete,,,,,,,,,,,
,1047759664,40.4428798,-79.951537,2,osm,footway,concrete,,,,,,,,,,,
,1059805456,40.4482208,-79.943872,4,osm,service,asphalt,,,,,,,,,,destination,
,1059805457,40.4482756,-79.9434042,2,osm,service,asphalt,,,yes,,,,,,,destination,
,1084693868,40.4423263,-79.93992226666667,3,osm,footway,concrete,,,,,,,,,,,
,1084693869,40.4422425,-79.94001560000001,2,osm,steps,concrete,,,,,,,,,,,
,1084693870,40.44206432,-79.94048592,5,osm,footway,concrete,,,,,,,,,,,
,1084693871,40.44192040833333,-79.94088219999999,12,osm,footway,concrete,,,,,,,,,,,
,1090887804,40.44771464,-79.9476547,5,osm,footway,concrete,,,,,,yes,,,,,
,1090887805,40.44909381111111,-79.9482638111111,9,osm,footway,concrete,,,,,,yes,,,,,
,1102176109,40.441873,-79.950681675,4,osm,footway,concrete,,,,,,,,,,,
,1107177235,40.44399887368421,-79.93446948947368,19,osm,footway,,,,,,,,,,,,
,1107177238,40.4425571,-79.93401465,2,osm,footway,,,,,,,,,,,,
,1107796215,40.44294556,-79.9351604,5,osm,footway,,,,,,,,,,,,
,1107796216,40.4437962,-79.9346165,3,osm,footway,,,,,,,,,,,,
,1107796221,40.4433173,-79.93427155,2,osm,footway,,,,,,,,,,,,
,1107796228,40.44403653333333,-79.9340037,3,osm,footway,,,,,,,,,,,,
,1109624691,40.440884975,-79.9344143,4,osm,footway,,,,,,,,,,,,
,1109624693,40.4405783,-79.93556286666667,3,osm,footway,,,,,,,,,,,,
,1109624694,40.44018265,-79.93518560000001,2,osm,footway,concrete,,,,,,,,,,,
,1112210331,40.4483335,-79.93668743333333,3,osm,service,,,,,,,,,,,,
,1127378940,40.44654,-79.94960985,2,osm,footway,concrete,,,,,,,,,,,
,1134456244,40.4498292,-79.94785844,5,osm,service,,,,,,,,,,,,
,1134456247,40.4494762,-79.9480406,2,osm,service,concrete,,,,,,,,,,,
,1137490875,40.44174405,-79.95136745,2,osm,footway,,,,,,,,,,,,
,1137490876,40.44212124444445,-79.95169105555556,9,osm,footway,,,,,,,,,,,,
,1137490877,40.441894633333334,-79.9514218,3,osm,steps,,,,,,,,,,,,
,1137490878,40.44176166,-79.951405,5,osm,footway,concrete:plates,,,,,,,,,,,
,1137490879,40.44172044,-79.95157232,5,osm,steps,,,,,,,,,,,,
,1154752632,40.44712703333334,-79.93645443333334,3,osm,service,,,,,,,,,,,private,
,1154752633,40.4422465,-79.94142215,2,osm,service,,,,,,,,,,,private,
,1159047910,40.446147075,-79.9437602,4,osm,footway,concrete,,,,,,yes,,,,,
,1159047911,40.44513015,-79.9438727,2,osm,service,asphalt,,,,,,,,,,,
,1167996708,40.43979596666667,-79.94664923333333,3,osm,footway,,,,,,,,,,,,
,1167996709,40.440975,-79.94430305,2,osm,footway,concrete,,,,,,,,,,,
,1167996712,40.44449994,-79.942916,5,osm,footway,concrete,,,,,,,,,,,
,1167996713,40.44452135,-79.943357,2,osm,footway,concrete,,,,,,,,,,,
,1167996714,40.4447123,-79.9447445,2,osm,footway,concrete:plates,,,,,,,,,,,
,1168131056,40.4432001,-79.94466745,2,osm,footway,,,,,,,,,,,,
,1168131057,40.443639999999995,-79.9449011,3,osm,footway,paved,,,,,,,,,,,
,1168131058,40.444027,-79.94399125000001,2,osm,service,asphalt,,,,,,,,,,private,
,1175367210,40.44245096666666,-79.95154846666667,6,osm,footway,concrete,,,,,,yes,,,,,
,1175780751,40.43694272142857,-79.94139422142857,14,osm,path,dirt,,,,,,,,,,,
,1176786290,40.438456,-79.94455395,2,osm,path,dirt,,,,,,,,,,,
,1176786291,40.43799525,-79.94566865,2,osm,footway,paving_stones,,,,yes,,,,,,,
,1176786293,40.437164233333334,-79.9465752,6,osm,footway,gravel,,,,,,,,,,,
,1176786294,40.43726795,-79.9463974,2,osm,footway,,,,,yes,,,,,,,
,1182895971,40.43924021111111,-79.94547577222222,18,osm,pedestrian,,,,,,,,,,,,
,1191242831,40.444118450000005,-79.9436094,2,osm,footway,concrete,,,,,,yes,,,,,
,1191342044,40.44129636666667,-79.9441423,3,osm,footway,paving_stones,,,,,,yes,,,,,
,1191342054,40.441103600000005,-79.94424425,2,osm,footway,concrete,,,,,,yes,,,,,
,1192182967,40.4412278,-79.9426959,5,osm,footway,,,,,,,,,,,,
,1192182968,40.44132333125,-79.94264950625,16,osm,footway,,,,,,,,,,,,
,1192182969,40.441275777777776,-79.9426057888889,9,osm,footway,,,,,,,,,,,,
,1192182970,40.44128371923077,-79.94247207692307,26,osm,footway,,,,,,,,,,,,
,1192182971,40.4414298,-79.9424463,8,osm,footway,,,,,,,,,,,,
,1192182972,40.441425928571434,-79.94255551428571,7,osm,footway,,,,,,,,,,,,
,1192182973,40.44152482777778,-79.9424968,18,osm,footway,,,,,,,,,,,,
,1192182974,40.44156033,-79.94237109000001,10,osm,footway,,,,,,,,,,,,
,1192182975,40.441521,-79.94229594,5,osm,footway,,,,,,,,,,,,
,1192182976,40.44144034,-79.94234102,15,osm,footway,,,,,,,,,,,,
,1192200463,40.4414882,-79.94019273333333,3,osm,footway,concrete,,,,,,,,,,,
,1192200464,40.44170366,-79.94154498,5,osm,footway,,,,,,,,,,,,
,1192200465,40.44587985,-79.94338139999999,2,osm,footway,asphalt,,,,,,,,,,,
,1192200466,40.44754919,-79.93987068,10,osm,footway,,,,,,,,,,,,
,1192213794,40.43683098571429,-79.94671494285714,7,osm,cycleway,,,,,yes,,,,,,,
,1192213795,40.43977446153846,-79.94721764615385,13,osm,cycleway,,,,,,,,,,,,
,1192213796,40.441369675,-79.9494337,4,osm,cycleway,,,,,yes,,,,,,,
,1197254916,40.44305205,-79.94957314999999,2,osm,path,paved,,,,,,,,,,,
,1202108274,40.4490847,-79.94590145000001,2,osm,service,,,,,,,,,,,,
,1202108276,40.44925783333333,-79.94619759999999,3,osm,service,,,,,,,,,,,,
,1202108277,40.4491801,-79.94606675,2,osm,service,,,,,,building_passage,,,,,,
,1202108278,40.4492142,-79.94549992500001,4,osm,footway,concrete,,,,,,,,,,,
,1202108279,40.449112799999995,-79.94557689999999,2,osm,footway,concrete,,,,,,,,,,,
,1202108280,40.449072099999995,-79.94566155,2,osm,footway,concrete,,,,,,,,,,,
,1202108281,40.44941146,-79.94591534,5,osm,footway,concrete,,,,,,,,,,,
,1202108282,40.449376,-79.94594305,2,osm,footway,concrete,,,,,,,,,,,
,1202822085,40.44449901666667,-79.94042355,6,osm,service,,,,,,,,,,,,
,1202822086,40.4447097,-79.9405686,2,osm,service,,,,,,,,,,,,
,1202822087,40.44460743333334,-79.9394683,3,osm,service,,,,,,,,,,,,
,1203430576,40.4464918,-79.94863595,2,osm,service,,,,,,,,,,,,
,1216590240,40.4433852,-79.935767125,4,osm,service,,,,,,,,,,,,
,1232204164,40.44602956666667,-79.94375756666666,3,osm,service,asphalt,,,,,,,,,,private,
,1235253333,40.43920414285714,-79.94766624285714,7,osm,footway,paved,,,,,,,,,,,
,1235253334,40.43895546,-79.94743252,5,osm,footway,paved,,,,,,,,,,,
,1249572092,40.4410048,-79.93669335,2,osm,service,,,,,,,,,,,,
,1249572093,40.43948636666667,-79.93834010555555,18,osm,footway,,,,,,,,,,,,
,1267198261,40.442636033333336,-79.93766856666666,3,osm,footway,,,,,,,,,,,,
,1267198262,40.44242285,-79.93799519999999,2,osm,footway,,,,,,,,,,,,
,1267198263,40.44261446666666,-79.93755173333334,3,osm,footway,,,,,,,,,,,,
,1267198264,40.442636033333336,-79.93766856666666,3,osm,footway,,,,,,,,,,,,
,1267200353,40.444739125,-79.947545225,4,osm,footway,,,,,,,,,,,,
,1267200354,40.44483671538462,-79.94810013846154,13,osm,footway,,,,,,,,,,,,
,1267200355,40.4446516,-79.94737866666667,3,osm,footway,,,,,,,,,,,,
,1275788229,40.44487165,-79.9488142,2,osm,footway,,,,,,,,,,,,
,1275788230,40.44523613333333,-79.94877720000001,3,osm,footway,asphalt,,,,,,,,,,,
,1275788231,40.4445296,-79.948687,3,osm,footway,asphalt,,,,,,,,,,,
,1275788232,40.4444202,-79.94877523333334,3,osm,footway,,,,,,,,,,,,
,1275789478,40.44527513333333,-79.9488673,3,osm,footway,asphalt,,,,,,,,,,,
,1275789479,40.44534493333333,-79.94851726666667,3,osm,footway,,,,,,,,,,,,
,1275789480,40.4457108875,-79.948307775,8,osm,footway,,,,,,,,,,,,
,1275789481,40.4453275,-79.94878646666666,3,osm,footway,asphalt,,,,,,,,,,,
,1275789482,40.4452874,-79.9487017,3,osm,footway,asphalt,,,,,,,,,,,
,1275789483,40.44570835,-79.9467694,2,osm,footway,concrete,,,,,,,,,,,
,1275789484,40.44462166666667,-79.94630456666667,3,osm,footway,concrete,,,,,,,,,,,
,1275789485,40.4446016,-79.94663543333333,3,osm,footway,,,,,yes,,,,,,,
,1275791302,40.44453923333333,-79.94636129999999,3,osm,footway,,,,,yes,,,,,,,
,1275791303,40.444472866666665,-79.94625873333332,3,osm,footway,,,,,,,,,,,,
,1275791304,40.44455653333333,-79.94610946666667,3,osm,footway,,,,,,,,,,,,
,1275791305,40.4438424,-79.946132125,8,osm,footway,,,,,,,,,,,,
,1275791306,40.444005524999994,-79.946105175,4,osm,footway,,,,,,,,,,,,
,1278523824,40.439439750000005,-79.93790895000001,2,osm,footway,,,,,,,,,,,,
,1280921730,40.443748150000005,-79.94614645,2,osm,footway,concrete,,,,,,,,,,,
,1296004910,40.445438933333335,-79.9466594,3,osm,footway,,,,,,,,,,,,
,1305455177,40.44727739230769,-79.93528167692308,13,osm,footway,,,,,,,,,,,,
,1305455179,40.446656399999995,-79.93398578823529,17,osm,footway,,,,,,,,,,,,
,1305456145,40.4475034,-79.94247183333333,3,osm,footway,,,,,,,,,,,,
,1305456146,40.447433733333334,-79.94236373333332,3,osm,footway,,,,,,,,,,,,
,1305456147,40.44768766666667,-79.93894866666666,3,osm,footway,,,,,,,,,,,,
,1305456148,40.44772552,-79.9388402,5,osm,footway,,,,,,,,,,,,
,1305456149,40.44792006923077,-79.93688376153847,13,osm,footway,,,,,,,,,,,,
,1305456151,40.447709425,-79.9377145,4,osm,footway,,,,,,,,,,,,
,1305459285,40.4478299,-79.93694116666667,3,osm,footway,,,,,,,,,,,,
,1305543314,40.44430672,-79.94960037999999,5,osm,footway,,,,,,,,,,,,
,1306499624,40.4441492,-79.95023806666667,3,osm,footway,asphalt,,,,,,,,,,,
,1306499625,40.444471033333336,-79.94854573333333,3,osm,footway,,,,,,,,,,,,
,1306499626,40.44434243333333,-79.9486659,3,osm,footway,concrete,,,,,,,,,,,
,1311897078,40.43905993333333,-79.93594116666667,3,osm,footway,,,,,,,,,,,,
,1313136163,40.4455863,-79.93260493333334,3,osm,footway,,,,,,,,,,,,
,1313136164,40.445155175,-79.936162225,4,osm,footway,,,,,,,,,,,,
,1313136165,40.44539686666667,-79.9349105,3,osm,footway,,,,,,,,,,,,
,1313136166,40.44536905,-79.935247,2,osm,footway,,,,,,,,,,,,
,1313136167,40.44534066666667,-79.9355996,3,osm,footway,,,,,,,,,,,,
,1313136168,40.44491743333333,-79.9365672,3,osm,footway,,,,,,,,,,,,
,1313136169,40.44495106666667,-79.93667773333334,3,osm,footway,,,,,,,,,,,,
,1313136170,40.44539109,-79.93665632,10,osm,footway,,,,,,,,,,,,
,1313136171,40.4458799,-79.9362435,3,osm,footway,,,,,,,,,,,,
,1313136172,40.4454037,-79.93675205,10,osm,footway,,,,,,,,,,,,
,1313136173,40.44469026666667,-79.93722323333333,3,osm,footway,,,,,,,,,,,,
,1313136174,40.444841266666664,-79.9369001,3,osm,footway,,,,,,,,,,,,
,1315074125,40.446225225,-79.948802475,4,osm,footway,,,,,,,,,,,,
,1315074126,40.446201214285715,-79.94772297142858,7,osm,footway,concrete,,,,,,,,,,,
,1315074127,40.446065366666666,-79.94684553333333,3,osm,footway,asphalt,,,,,,,,,,,
,1315074128,40.4458708,-79.948853,3,osm,footway,,,,,,,,,,,,
,1315074129,40.44582243333333,-79.94893906666665,3,osm,footway,,,,,,,,,,,,
,1315074130,40.4458339,-79.9487582,3,osm,footway,asphalt,,,,,,,,,,,
,1315074131,40.445784366666665,-79.94884016666667,3,osm,footway,,,,,,,,,,,,
,1316813758,40.447928041666664,-79.93575221666667,12,osm,footway,,,,,,,,,,,,
,1317025157,40.45040503333333,-79.94032206666667,3,osm,footway,,,,,,,,,,,,
,1317025158,40.449648,-79.93987823333333,3,osm,footway,,,,,,,,,,,,
,1317025159,40.4500171,-79.93894374999999,2,osm,footway,,,,,,,,,,,,
,1317025167,40.45011755,-79.93834245,2,osm,footway,,,,,,,,,,,,
,1317025168,40.4494528,-79.939768,2,osm,footway,,,,,,,,,,,,
,1317025169,40.44880135,-79.93938295000001,2,osm,footway,,,,,,,,,,,,
,1317025170,40.4489915,-79.9394956,3,osm,footway,,,,,,,,,,,,
,1317025171,40.44913165,-79.93957705,2,osm,footway,,,,,,,,,,,,
,1317025172,40.44927103333333,-79.93966060000001,3,osm,footway,,,,,,,,,,,,
,1317025173,40.44861876666667,-79.93936296666668,3,osm,footway,,,,,,,,,,,,
,1317025174,40.4485928,-79.93926116666667,3,osm,footway,,,,,,,,,,,,
,1317025175,40.449158999999995,-79.93778255000001,2,osm,footway,,,,,,,,,,,,
,1317025177,40.44870895,-79.93874819999999,2,osm,footway,,,,,,,,,,,,
,1317025182,40.44901015000001,-79.9378679,2,osm,footway,,,,,,,,,,,,
,1317025183,40.4488854,-79.93823833333333,3,osm,footway,,,,,,,,,,,,
,1317025780,40.4481428,-79.93900576666667,3,osm,footway,,,,,,,,,,,,
,1317025782,40.4477512,-79.93711486666668,3,osm,footway,,,,,,,,,,,,
,1317025785,40.450059466666666,-79.94083716666667,3,osm,footway,,,,,,,,,,,,
,1317025786,40.44976742352941,-79.94182228235294,17,osm,footway,,,,,,,,,,,,
,1317025787,40.45006105,-79.9410869,2,osm,footway,,,,,,,,,,,,
,1317034670,40.439484566666664,-79.94325093333333,3,osm,footway,concrete,,,,,,,,,,,
,1317034671,40.43847890555555,-79.94402426666666,18,osm,footway,concrete,,,,,,,,,,,
,1317034672,40.4395135,-79.9433691,2,osm,footway,concrete,,,,,,,,,,,
,1317034673,40.4394331,-79.94320115,2,osm,footway,concrete,,,,,,,,,,,
,1317034675,40.4395485,-79.9433138,2,osm,footway,concrete,,,,,,,,,,,
,1317034818,40.4421880875,-79.9361370125,8,osm,footway,,,,,,,,,,,,
,1317034819,40.4422912875,-79.93623115,8,osm,footway,,,,,,,,,,,,
,1317034820,40.441347125,-79.936279375,4,osm,footway,concrete,,,,,,,,,,,
,1317034821,40.441911033333334,-79.9367969,3,osm,footway,,,,,,,,,,,,
,1331719879,40.4411943,-79.94768140000001,3,osm,footway,asphalt,,,,,,no,,,,,
,1353029031,40.44188187142857,-79.94702385714287,7,osm,footway,concrete,,,,,,,,,,,
,1365319772,40.43710045,-79.94676005,2,osm,footway,gravel,,,,yes,,,,,,,
,1365335734,40.438583,-79.94693141428571,7,osm,pedestrian,,,,,,,,,,,,
,1365335735,40.4386363,-79.94678995000001,2,osm,footway,,,,,,,,,,,,
,1365335736,40.438503749999995,-79.94697435,2,osm,footway,,,,,,,,,,,,
,1365335737,40.43833415555556,-79.94727194444445,9,osm,pedestrian,,,,,,,,,,,,
,1365335738,40.43837395,-79.94715545,2,osm,footway,,,,,,,,,,,,
,1365335739,40.4382479,-79.94732915,2,osm,footway,,,,,,,,,,,,
,1365335740,40.438269264285715,-79.94756109285716,14,osm,footway,,,,,,,,,,,,
,1365335741,40.4382606,-79.94753925,2,osm,steps,,,,,,,,,,,,
,1365335742,40.43829098333333,-79.94769143333333,6,osm,footway,,,,,,,,,,,customers,
,1365335743,40.4382443,-79.947825,2,osm,steps,,,,,,,,,,,,
,1365335744,40.43822595,-79.9478509,2,osm,footway,,,,,,,,,,,,
,1365335745,40.438382116666666,-79.94820814666667,60,osm,pedestrian,,,,,,,,,,,,
,1365335746,40.43832475,-79.94824915,6,osm,footway,,,,,,,,,,,,
,1365335747,40.4381632,-79.94794075,6,osm,footway,,,,,,,,,,,,
,1365335748,40.43817272,-79.94810451999999,10,osm,footway,,,,,,,,,,,,
,1365335749,40.438259366666664,-79.9483269,3,osm,footway,,,,,,,,,,,,
,1365335750,40.4382649,-79.94816166666666,3,osm,footway,,,,,,,,,,,,
,1365335751,40.43825983333333,-79.94825256666667,3,osm,steps,,,,,,,,,,,,
,1365335752,40.438047545454545,-79.94802668181818,11,osm,footway,,,,,,,,,,,,
,1365335753,40.4381479125,-79.94837799999999,8,osm,pedestrian,,,,,,,,,,,,
,1365335754,40.437988025,-79.94821507500001,4,osm,footway,,,,,,,,,,,,
,1365335755,40.43799425,-79.948586825,4,osm,footway,,,,,,,,,,,,
,1365335757,40.43812963333333,-79.94880766666667,3,osm,footway,,,,,,,,,,,,
,1365335758,40.4403685,-79.948396384375,32,osm,pedestrian,,,,,,,,,,,,
,1365335759,40.4403003,-79.94825784000001,5,osm,footway,,,,,,,,,,,,
,1365335760,40.44019071666667,-79.94824786666668,6,osm,footway,,,,,,,,,,,,
,1365335761,40.44009087142857,-79.94847465714285,7,osm,footway,,,,,,,,,,,customers,
,1365335762,40.43911828,-79.94841076,5,osm,footway,,,,,,,,,,,,
,1365335763,40.439121,-79.94824360000001,2,osm,footway,,,,,,,,,,,,
,1365335764,40.43942932857143,-79.94827492857144,7,osm,footway,,,,,,,,,,,,
,1365341231,40.43905499473684,-79.9443154631579,19,osm,footway,,,,,,,,,,,,
,1365341232,40.439560175,-79.94242440357142,28,osm,footway,,,,,,,,,,,,
,1365341233,40.43946840909091,-79.94266577272728,11,osm,footway,,,,,,,,,,,,
,1413950092,40.43837586153846,-79.94685751538462,13,osm,cycleway,,,,,,,,,,,,
,1413950093,40.43885673333333,-79.94644623333333,3,osm,cycleway,asphalt,,,,,,,,,0,,
,1450361312,40.4392976,-79.94872910000001,2,osm,footway,,,,,,,,,,,private,
,1450361313,40.440128,-79.94824820000001,6,osm,footway,concrete,,,,,,,,,,,
,1457214252,40.44059083333334,-79.93568026666667,3,osm,footway,,,,,,,,,,,,
,1457214253,40.4405049,-79.93559823333334,3,osm,footway,,,,,,,,,,,,
,1457214254,40.4418498,-79.93950556666667,3,osm,footway,concrete,,,,,,,,,,,
,1457214255,40.4418961,-79.93957334999999,2,osm,footway,,,,,,,,,,,,
,1457214256,40.441236450000005,-79.94641745000001,2,osm,footway,,,,,,,,,,,,
,1457214257,40.4413524,-79.94633876666667,3,osm,footway,,,,,,,,,,,,
,1460908174,40.44367735,-79.953241525,4,osm,footway,,,,,,,,,,,,
,1460908175,40.4441184,-79.95279445,2,osm,footway,,,,,,,,,,,,
,1461616321,40.4447516,-79.9502438,11,osm,footway,,,,,,,,,,,,
,1462958017,40.44720235,-79.94506935,2,osm,service,,,,,,,,,,,,
,1462960837,40.4459709,-79.94688380000001,3,osm,footway,asphalt,,,,,,,,,,,
,1462962230,40.4437395,-79.94566533333334,9,osm,footway,paved,,,,,,,,,,,
,1462966761,40.44079405,-79.9359692,6,osm,footway,,,,,,,,,,,,
,1462974519,40.442559499999994,-79.94050766666668,3,osm,footway,,,,,,,,,,,,
,1462975870,40.44149836666667,-79.94700133333333,3,osm,footway,,,,,,,,,,,,
,1462975872,40.44135053333333,-79.94702576666667,3,osm,path,,,,,,,,,,,,
,1462978801,40.446027349999994,-79.9440041,2,osm,service,asphalt,,,,,,,,,,private,
,1462978802,40.44593543333334,-79.94331003333333,3,osm,service,asphalt,,,,,,,,,,private,
,1462978803,40.44568446666667,-79.943603,3,osm,service,asphalt,,,,,,,,,,private,
,1462978804,40.445791525,-79.94378495000001,4,osm,service,asphalt,,,,,,,,,,private,
,1463031883,40.44634909166667,-79.93772984166667,12,osm,service,asphalt,,,,,,,,,,permissive,
,1463037181,40.43759525,-79.94765570000001,2,osm,service,,,,,,,,,,,,
,1463691474,40.44812875,-79.938939675,4,osm,service,,,,,,,,,,,,
,1463691475,40.44824345,-79.938332025,4,osm,service,,,,,,,,,,,,
,1463691476,40.44822466666667,-79.93861476666666,3,osm,service,,,,,,,,,,,,
,1463691477,40.4481958,-79.93873049999999,2,osm,service,,,,,,,,,,,,
,1463691478,40.4480191,-79.93816545,2,osm,service,,,,,,,,,,,,
,1463691479,40.44817155,-79.93818145,2,osm,service,,,,,,,,,,,,
,1469556872,40.44771827142857,-79.94301247142857,7,osm,footway,,,,,,,,,,,,
,1472093021,40.44472550909091,-79.95066435,22,osm,footway,,,,,,,,,,,,
,1472093022,40.4447052,-79.9507609,2,osm,footway,,,,,,,,,,,,
,1472093023,40.4447328,-79.95056355,2,osm,footway,,,,,,,,,,,,
,1472123630,40.4410257625,-79.9430908875,8,osm,footway,,,,,,,,,,,,
,1472123631,40.4409313,-79.94291974999999,2,osm,steps,,,,,,,,,,,,
,1472123632,40.440924550000005,-79.9428976,2,osm,footway,,,,,,,,,,,,
,1472123633,40.4410704,-79.94325359999999,2,osm,footway,,,,,,,,,,,,
,1472123636,40.441170066666665,-79.94278113333333,3,osm,footway,concrete,,,,,,,,,,,
,1472123637,40.4412043,-79.94248776666667,3,osm,footway,,,,,,,,,,,,
,1472123638,40.4412241,-79.94246480000001,2,osm,steps,,,,,,,,,,,,
